scraped_at,sldc_ts,frequency,escom,biomass_mw,cogen_mw,minihydro_mw,wind_mw,solar_mw,grid_drawal_mw,total_mw
2026-05-07T00:26:46,07/05/2026 00:20:01,49.94,BESCOM,5.0,0.0,3.0,195.0,25.0,204.0,228.0
2026-05-07T00:26:46,07/05/2026 00:20:01,49.94,MESCOM,0.0,0.0,21.0,10.0,0.0,31.0,31.0
2026-05-07T00:26:46,07/05/2026 00:20:01,49.94,CESC,0.0,0.0,20.0,49.0,0.0,72.0,69.0
2026-05-07T00:26:46,07/05/2026 00:20:01,49.94,GESCOM,1.0,9.0,3.0,479.0,19.0,494.0,511.0
2026-05-07T00:26:46,07/05/2026 00:20:01,49.94,HESCOM,0.0,137.0,0.0,547.0,39.0,684.0,723.0
2026-05-07T00:26:46,07/05/2026 00:20:01,49.94,PAVAGADA SOLAR PARK,0.0,0.0,0.0,0.0,0.0,0.0,0.0
2026-05-07T00:26:46,07/05/2026 00:20:01,49.94,TOTAL_IPPS,7.0,148.0,46.0,1288.0,0.0,1491.0,1489.0
2026-05-07T00:27:41,07/05/2026 00:20:01,49.94,BESCOM,5.0,0.0,3.0,195.0,25.0,204.0,228.0
2026-05-07T00:27:41,07/05/2026 00:20:01,49.94,MESCOM,0.0,0.0,21.0,10.0,0.0,31.0,31.0
2026-05-07T00:27:41,07/05/2026 00:20:01,49.94,CESC,0.0,0.0,20.0,49.0,0.0,72.0,69.0
2026-05-07T00:27:41,07/05/2026 00:20:01,49.94,GESCOM,1.0,9.0,3.0,479.0,19.0,494.0,511.0
2026-05-07T00:27:41,07/05/2026 00:20:01,49.94,HESCOM,0.0,137.0,0.0,547.0,39.0,684.0,723.0
2026-05-07T00:27:41,07/05/2026 00:20:01,49.94,PAVAGADA SOLAR PARK,0.0,0.0,0.0,0.0,0.0,0.0,0.0
2026-05-07T00:27:41,07/05/2026 00:20:01,49.94,TOTAL_IPPS,7.0,148.0,46.0,1288.0,0.0,1491.0,1489.0
2026-05-07T00:28:08,07/05/2026 00:20:01,49.94,BESCOM,5.0,0.0,3.0,195.0,25.0,204.0,228.0
2026-05-07T00:28:08,07/05/2026 00:20:01,49.94,MESCOM,0.0,0.0,21.0,10.0,0.0,31.0,31.0
2026-05-07T00:28:08,07/05/2026 00:20:01,49.94,CESC,0.0,0.0,20.0,49.0,0.0,72.0,69.0
2026-05-07T00:28:08,07/05/2026 00:20:01,49.94,GESCOM,1.0,9.0,3.0,479.0,19.0,494.0,511.0
2026-05-07T00:28:08,07/05/2026 00:20:01,49.94,HESCOM,0.0,137.0,0.0,547.0,39.0,684.0,723.0
2026-05-07T00:28:08,07/05/2026 00:20:01,49.94,PAVAGADA SOLAR PARK,0.0,0.0,0.0,0.0,0.0,0.0,0.0
2026-05-07T00:28:08,07/05/2026 00:20:01,49.94,TOTAL_IPPS,7.0,148.0,46.0,1288.0,0.0,1491.0,1489.0
2026-05-07T00:28:46,07/05/2026 00:20:01,49.94,BESCOM,5.0,0.0,3.0,195.0,25.0,204.0,228.0
2026-05-07T00:28:46,07/05/2026 00:20:01,49.94,MESCOM,0.0,0.0,21.0,10.0,0.0,31.0,31.0
2026-05-07T00:28:46,07/05/2026 00:20:01,49.94,CESC,0.0,0.0,20.0,49.0,0.0,72.0,69.0
2026-05-07T00:28:46,07/05/2026 00:20:01,49.94,GESCOM,1.0,9.0,3.0,479.0,19.0,494.0,511.0
2026-05-07T00:28:46,07/05/2026 00:20:01,49.94,HESCOM,0.0,137.0,0.0,547.0,39.0,684.0,723.0
2026-05-07T00:28:46,07/05/2026 00:20:01,49.94,PAVAGADA SOLAR PARK,0.0,0.0,0.0,0.0,0.0,0.0,0.0
2026-05-07T00:28:46,07/05/2026 00:20:01,49.94,TOTAL_IPPS,7.0,148.0,46.0,1288.0,0.0,1491.0,1489.0
2026-05-07T00:38:47,07/05/2026 00:30:01,50.0,BESCOM,6.0,0.0,3.0,186.0,25.0,196.0,220.0
2026-05-07T00:38:47,07/05/2026 00:30:01,50.0,MESCOM,0.0,0.0,21.0,10.0,0.0,31.0,31.0
2026-05-07T00:38:47,07/05/2026 00:30:01,50.0,CESC,0.0,0.0,20.0,49.0,0.0,72.0,69.0
2026-05-07T00:38:47,07/05/2026 00:30:01,50.0,GESCOM,1.0,9.0,3.0,479.0,19.0,494.0,511.0
2026-05-07T00:38:47,07/05/2026 00:30:01,50.0,HESCOM,0.0,137.0,0.0,547.0,39.0,684.0,723.0
2026-05-07T00:38:47,07/05/2026 00:30:01,50.0,PAVAGADA SOLAR PARK,0.0,0.0,0.0,0.0,0.0,0.0,0.0
2026-05-07T00:38:47,07/05/2026 00:30:01,50.0,TOTAL_IPPS,7.0,148.0,46.0,1288.0,0.0,1491.0,1489.0
2026-05-07T00:48:50,07/05/2026 00:40:01,49.99,BESCOM,4.0,0.0,3.0,151.0,25.0,160.0,183.0
2026-05-07T00:48:50,07/05/2026 00:40:01,49.99,MESCOM,0.0,0.0,33.0,4.0,0.0,38.0,37.0
2026-05-07T00:48:50,07/05/2026 00:40:01,49.99,CESC,1.0,0.0,20.0,51.0,0.0,73.0,72.0
2026-05-07T00:48:50,07/05/2026 00:40:01,49.99,GESCOM,1.0,18.0,0.0,479.0,19.0,494.0,517.0
2026-05-07T00:48:50,07/05/2026 00:40:01,49.99,HESCOM,0.0,133.0,0.0,513.0,39.0,646.0,685.0
2026-05-07T00:48:50,07/05/2026 00:40:01,49.99,PAVAGADA SOLAR PARK,0.0,0.0,0.0,0.0,0.0,0.0,0.0
2026-05-07T00:48:50,07/05/2026 00:40:01,49.99,TOTAL_IPPS,7.0,146.0,58.0,1179.0,0.0,1396.0,1390.0
2026-05-07T00:58:52,07/05/2026 00:50:01,49.95,BESCOM,5.0,0.0,4.0,111.0,25.0,121.0,145.0
2026-05-07T00:58:52,07/05/2026 00:50:01,49.95,MESCOM,0.0,0.0,33.0,4.0,0.0,38.0,37.0
2026-05-07T00:58:52,07/05/2026 00:50:01,49.95,CESC,1.0,0.0,19.0,48.0,0.0,70.0,68.0
2026-05-07T00:58:52,07/05/2026 00:50:01,49.95,GESCOM,1.0,11.0,1.0,423.0,19.0,437.0,455.0
2026-05-07T00:58:52,07/05/2026 00:50:01,49.95,HESCOM,0.0,134.0,0.0,443.0,39.0,578.0,616.0
2026-05-07T00:58:52,07/05/2026 00:50:01,49.95,PAVAGADA SOLAR PARK,0.0,0.0,0.0,0.0,0.0,0.0,0.0
2026-05-07T00:58:52,07/05/2026 00:50:01,49.95,TOTAL_IPPS,8.0,147.0,59.0,1028.0,0.0,1248.0,1242.0
2026-05-07T01:08:53,07/05/2026 01:00:01,50.02,BESCOM,4.0,0.0,4.0,81.0,25.0,90.0,114.0
2026-05-07T01:08:53,07/05/2026 01:00:01,50.02,MESCOM,0.0,0.0,33.0,3.0,0.0,36.0,36.0
2026-05-07T01:08:53,07/05/2026 01:00:01,50.02,CESC,1.0,0.0,19.0,50.0,0.0,72.0,70.0
2026-05-07T01:08:53,07/05/2026 01:00:01,50.02,GESCOM,1.0,18.0,0.0,404.0,19.0,417.0,442.0
2026-05-07T01:08:53,07/05/2026 01:00:01,50.02,HESCOM,0.0,134.0,0.0,389.0,39.0,523.0,562.0
2026-05-07T01:08:53,07/05/2026 01:00:01,50.02,PAVAGADA SOLAR PARK,0.0,0.0,0.0,0.0,0.0,0.0,0.0
2026-05-07T01:08:53,07/05/2026 01:00:01,50.02,TOTAL_IPPS,7.0,146.0,58.0,925.0,0.0,1143.0,1136.0
2026-05-07T01:18:55,07/05/2026 01:10:01,49.98,BESCOM,5.0,0.0,3.0,75.0,25.0,84.0,108.0
2026-05-07T01:18:55,07/05/2026 01:10:01,49.98,MESCOM,0.0,0.0,29.0,0.0,0.0,30.0,29.0
2026-05-07T01:18:55,07/05/2026 01:10:01,49.98,CESC,1.0,0.0,20.0,49.0,0.0,72.0,70.0
2026-05-07T01:18:55,07/05/2026 01:10:01,49.98,GESCOM,1.0,20.0,0.0,383.0,19.0,406.0,423.0
2026-05-07T01:18:55,07/05/2026 01:10:01,49.98,HESCOM,0.0,136.0,0.0,387.0,39.0,524.0,562.0
2026-05-07T01:18:55,07/05/2026 01:10:01,49.98,PAVAGADA SOLAR PARK,0.0,0.0,0.0,0.0,0.0,0.0,0.0
2026-05-07T01:18:55,07/05/2026 01:10:01,49.98,TOTAL_IPPS,8.0,158.0,54.0,899.0,0.0,1118.0,1119.0
2026-05-07T01:28:57,07/05/2026 01:20:01,49.97,BESCOM,5.0,0.0,3.0,69.0,25.0,82.0,102.0
2026-05-07T01:28:57,07/05/2026 01:20:01,49.97,MESCOM,0.0,0.0,29.0,0.0,0.0,29.0,29.0
2026-05-07T01:28:57,07/05/2026 01:20:01,49.97,CESC,1.0,0.0,18.0,48.0,0.0,68.0,67.0
2026-05-07T01:28:57,07/05/2026 01:20:01,49.97,GESCOM,1.0,15.0,2.0,377.0,19.0,398.0,414.0
2026-05-07T01:28:57,07/05/2026 01:20:01,49.97,HESCOM,0.0,134.0,0.0,390.0,39.0,525.0,563.0
2026-05-07T01:28:57,07/05/2026 01:20:01,49.97,PAVAGADA SOLAR PARK,0.0,0.0,0.0,0.0,0.0,0.0,0.0
2026-05-07T01:28:57,07/05/2026 01:20:01,49.97,TOTAL_IPPS,8.0,153.0,52.0,889.0,0.0,1108.0,1102.0
2026-05-07T01:30:55,07/05/2026 01:25:01,50.02,BESCOM,6.0,0.0,4.0,81.0,25.0,91.0,116.0
2026-05-07T01:30:55,07/05/2026 01:25:01,50.02,MESCOM,0.0,0.0,29.0,0.0,0.0,30.0,29.0
2026-05-07T01:30:55,07/05/2026 01:25:01,50.02,CESC,1.0,0.0,15.0,45.0,0.0,62.0,61.0
2026-05-07T01:30:55,07/05/2026 01:25:01,50.02,GESCOM,1.0,17.0,1.0,337.0,19.0,358.0,375.0
2026-05-07T01:30:55,07/05/2026 01:25:01,50.02,HESCOM,0.0,139.0,0.0,422.0,39.0,561.0,600.0
2026-05-07T01:30:55,07/05/2026 01:25:01,50.02,PAVAGADA SOLAR PARK,0.0,0.0,0.0,0.0,0.0,0.0,0.0
2026-05-07T01:30:55,07/05/2026 01:25:01,50.02,TOTAL_IPPS,8.0,157.0,50.0,887.0,0.0,1109.0,1102.0
2026-05-07T01:41:00,07/05/2026 01:35:01,50.01,BESCOM,5.0,0.0,3.0,91.0,25.0,100.0,124.0
2026-05-07T01:41:00,07/05/2026 01:35:01,50.01,MESCOM,0.0,0.0,29.0,0.0,0.0,29.0,29.0
2026-05-07T01:41:00,07/05/2026 01:35:01,50.01,CESC,1.0,0.0,14.0,43.0,0.0,60.0,58.0
2026-05-07T01:41:00,07/05/2026 01:35:01,50.01,GESCOM,1.0,7.0,1.0,256.0,19.0,267.0,284.0
2026-05-07T01:41:00,07/05/2026 01:35:01,50.01,HESCOM,0.0,134.0,0.0,414.0,39.0,550.0,587.0
2026-05-07T01:41:00,07/05/2026 01:35:01,50.01,PAVAGADA SOLAR PARK,0.0,0.0,0.0,0.0,0.0,0.0,0.0
2026-05-07T01:41:00,07/05/2026 01:35:01,50.01,TOTAL_IPPS,8.0,144.0,49.0,802.0,0.0,1010.0,1003.0
2026-05-07T01:51:03,07/05/2026 01:45:01,50.0,BESCOM,5.0,0.0,3.0,91.0,25.0,100.0,124.0
2026-05-07T01:51:03,07/05/2026 01:45:01,50.0,MESCOM,0.0,0.0,29.0,1.0,0.0,31.0,30.0
2026-05-07T01:51:03,07/05/2026 01:45:01,50.0,CESC,1.0,0.0,14.0,45.0,0.0,62.0,60.0
2026-05-07T01:51:03,07/05/2026 01:45:01,50.0,GESCOM,1.0,15.0,0.0,207.0,19.0,224.0,242.0
2026-05-07T01:51:03,07/05/2026 01:45:01,50.0,HESCOM,0.0,134.0,0.0,391.0,39.0,526.0,564.0
2026-05-07T01:51:03,07/05/2026 01:45:01,50.0,PAVAGADA SOLAR PARK,0.0,0.0,0.0,0.0,0.0,0.0,0.0
2026-05-07T01:51:03,07/05/2026 01:45:01,50.0,TOTAL_IPPS,8.0,151.0,51.0,738.0,0.0,954.0,948.0
2026-05-07T02:01:05,07/05/2026 01:55:01,50.01,BESCOM,6.0,0.0,4.0,89.0,25.0,99.0,124.0
2026-05-07T02:01:05,07/05/2026 01:55:01,50.01,MESCOM,0.0,0.0,29.0,0.0,0.0,29.0,29.0
2026-05-07T02:01:05,07/05/2026 01:55:01,50.01,CESC,1.0,0.0,16.0,41.0,0.0,59.0,58.0
2026-05-07T02:01:05,07/05/2026 01:55:01,50.01,GESCOM,1.0,9.0,2.0,160.0,19.0,172.0,191.0
2026-05-07T02:01:05,07/05/2026 01:55:01,50.01,HESCOM,0.0,133.0,0.0,391.0,39.0,524.0,563.0
2026-05-07T02:01:05,07/05/2026 01:55:01,50.01,PAVAGADA SOLAR PARK,0.0,0.0,0.0,0.0,0.0,0.0,0.0
2026-05-07T02:01:05,07/05/2026 01:55:01,50.01,TOTAL_IPPS,9.0,142.0,52.0,683.0,0.0,895.0,886.0
2026-05-07T02:11:07,07/05/2026 02:05:01,50.0,BESCOM,6.0,0.0,3.0,86.0,25.0,96.0,120.0
2026-05-07T02:11:07,07/05/2026 02:05:01,50.0,MESCOM,0.0,0.0,29.0,0.0,0.0,29.0,29.0
2026-05-07T02:11:07,07/05/2026 02:05:01,50.0,CESC,1.0,0.0,16.0,40.0,0.0,58.0,57.0
2026-05-07T02:11:07,07/05/2026 02:05:01,50.0,GESCOM,1.0,17.0,0.0,108.0,19.0,127.0,145.0
2026-05-07T02:11:07,07/05/2026 02:05:01,50.0,HESCOM,0.0,133.0,0.0,394.0,39.0,528.0,566.0
2026-05-07T02:11:07,07/05/2026 02:05:01,50.0,PAVAGADA SOLAR PARK,0.0,0.0,0.0,0.0,0.0,0.0,0.0
2026-05-07T02:11:07,07/05/2026 02:05:01,50.0,TOTAL_IPPS,9.0,152.0,50.0,629.0,0.0,839.0,840.0
2026-05-07T02:21:09,07/05/2026 02:15:01,50.01,BESCOM,6.0,0.0,3.0,77.0,25.0,88.0,111.0
2026-05-07T02:21:09,07/05/2026 02:15:01,50.01,MESCOM,0.0,0.0,29.0,2.0,0.0,31.0,31.0
2026-05-07T02:21:09,07/05/2026 02:15:01,50.01,CESC,1.0,0.0,16.0,39.0,0.0,57.0,56.0
2026-05-07T02:21:09,07/05/2026 02:15:01,50.01,GESCOM,1.0,11.0,0.0,101.0,19.0,117.0,132.0
2026-05-07T02:21:09,07/05/2026 02:15:01,50.01,HESCOM,0.0,135.0,0.0,360.0,39.0,494.0,534.0
2026-05-07T02:21:09,07/05/2026 02:15:01,50.01,PAVAGADA SOLAR PARK,0.0,0.0,0.0,0.0,0.0,0.0,0.0
2026-05-07T02:21:09,07/05/2026 02:15:01,50.01,TOTAL_IPPS,9.0,149.0,51.0,582.0,0.0,797.0,791.0
2026-05-07T02:31:19,07/05/2026 02:25:01,50.0,BESCOM,6.0,0.0,3.0,79.0,25.0,90.0,113.0
2026-05-07T02:31:19,07/05/2026 02:25:01,50.0,MESCOM,0.0,0.0,29.0,2.0,0.0,32.0,31.0
2026-05-07T02:31:19,07/05/2026 02:25:01,50.0,CESC,1.0,0.0,16.0,38.0,0.0,56.0,55.0
2026-05-07T02:31:19,07/05/2026 02:25:01,50.0,GESCOM,1.0,14.0,1.0,96.0,19.0,115.0,131.0
2026-05-07T02:31:19,07/05/2026 02:25:01,50.0,HESCOM,0.0,133.0,0.0,347.0,39.0,481.0,519.0
2026-05-07T02:31:19,07/05/2026 02:25:01,50.0,PAVAGADA SOLAR PARK,0.0,0.0,0.0,0.0,0.0,0.0,0.0
2026-05-07T02:31:19,07/05/2026 02:25:01,50.0,TOTAL_IPPS,9.0,150.0,51.0,564.0,0.0,787.0,774.0
2026-05-08T02:20:22,08/05/2026 02:15:01,49.98,BESCOM,6.0,0.0,6.0,98.0,23.0,111.0,133.0
2026-05-08T02:20:22,08/05/2026 02:15:01,49.98,MESCOM,0.0,0.0,25.0,0.0,0.0,26.0,25.0
2026-05-08T02:20:22,08/05/2026 02:15:01,49.98,CESC,1.0,0.0,19.0,35.0,0.0,56.0,55.0
2026-05-08T02:20:22,08/05/2026 02:15:01,49.98,GESCOM,1.0,18.0,0.0,151.0,11.0,173.0,181.0
2026-05-08T02:20:22,08/05/2026 02:15:01,49.98,HESCOM,0.0,112.0,0.0,165.0,62.0,277.0,339.0
2026-05-08T02:20:22,08/05/2026 02:15:01,49.98,PAVAGADA SOLAR PARK,0.0,0.0,0.0,0.0,0.0,0.0,0.0
2026-05-08T02:20:22,08/05/2026 02:15:01,49.98,TOTAL_IPPS,7.0,133.0,52.0,451.0,0.0,649.0,643.0
2026-05-08T02:20:47,08/05/2026 02:15:01,49.98,BESCOM,6.0,0.0,6.0,98.0,23.0,111.0,133.0
2026-05-08T02:20:47,08/05/2026 02:15:01,49.98,MESCOM,0.0,0.0,25.0,0.0,0.0,26.0,25.0
2026-05-08T02:20:47,08/05/2026 02:15:01,49.98,CESC,1.0,0.0,19.0,35.0,0.0,56.0,55.0
2026-05-08T02:20:47,08/05/2026 02:15:01,49.98,GESCOM,1.0,18.0,0.0,151.0,11.0,173.0,181.0
2026-05-08T02:20:47,08/05/2026 02:15:01,49.98,HESCOM,0.0,112.0,0.0,165.0,62.0,277.0,339.0
2026-05-08T02:20:47,08/05/2026 02:15:01,49.98,PAVAGADA SOLAR PARK,0.0,0.0,0.0,0.0,0.0,0.0,0.0
2026-05-08T02:20:47,08/05/2026 02:15:01,49.98,TOTAL_IPPS,7.0,133.0,52.0,451.0,0.0,649.0,643.0
2026-05-08T02:23:18,08/05/2026 02:15:01,49.98,BESCOM,6.0,0.0,6.0,98.0,23.0,111.0,133.0
2026-05-08T02:23:18,08/05/2026 02:15:01,49.98,MESCOM,0.0,0.0,25.0,0.0,0.0,26.0,25.0
2026-05-08T02:23:18,08/05/2026 02:15:01,49.98,CESC,1.0,0.0,19.0,35.0,0.0,56.0,55.0
2026-05-08T02:23:18,08/05/2026 02:15:01,49.98,GESCOM,1.0,18.0,0.0,151.0,11.0,173.0,181.0
2026-05-08T02:23:18,08/05/2026 02:15:01,49.98,HESCOM,0.0,112.0,0.0,165.0,62.0,277.0,339.0
2026-05-08T02:23:18,08/05/2026 02:15:01,49.98,PAVAGADA SOLAR PARK,0.0,0.0,0.0,0.0,0.0,0.0,0.0
2026-05-08T02:23:18,08/05/2026 02:15:01,49.98,TOTAL_IPPS,7.0,133.0,52.0,451.0,0.0,649.0,643.0
2026-05-08T02:26:00,08/05/2026 02:20:01,50.01,BESCOM,6.0,0.0,6.0,89.0,23.0,102.0,124.0
2026-05-08T02:26:00,08/05/2026 02:20:01,50.01,MESCOM,0.0,0.0,25.0,0.0,0.0,26.0,25.0
2026-05-08T02:26:00,08/05/2026 02:20:01,50.01,CESC,1.0,0.0,19.0,35.0,0.0,56.0,55.0
2026-05-08T02:26:00,08/05/2026 02:20:01,50.01,GESCOM,1.0,18.0,0.0,151.0,11.0,173.0,181.0
2026-05-08T02:26:00,08/05/2026 02:20:01,50.01,HESCOM,0.0,112.0,0.0,165.0,62.0,277.0,339.0
2026-05-08T02:26:00,08/05/2026 02:20:01,50.01,PAVAGADA SOLAR PARK,0.0,0.0,0.0,0.0,0.0,0.0,0.0
2026-05-08T02:26:00,08/05/2026 02:20:01,50.01,TOTAL_IPPS,7.0,133.0,52.0,451.0,0.0,649.0,643.0
2026-05-08T02:27:18,08/05/2026 02:20:01,50.01,BESCOM,6.0,0.0,6.0,89.0,23.0,102.0,124.0
2026-05-08T02:27:18,08/05/2026 02:20:01,50.01,MESCOM,0.0,0.0,25.0,0.0,0.0,26.0,25.0
2026-05-08T02:27:18,08/05/2026 02:20:01,50.01,CESC,1.0,0.0,19.0,35.0,0.0,56.0,55.0
2026-05-08T02:27:18,08/05/2026 02:20:01,50.01,GESCOM,1.0,18.0,0.0,151.0,11.0,173.0,181.0
2026-05-08T02:27:18,08/05/2026 02:20:01,50.01,HESCOM,0.0,112.0,0.0,165.0,62.0,277.0,339.0
2026-05-08T02:27:18,08/05/2026 02:20:01,50.01,PAVAGADA SOLAR PARK,0.0,0.0,0.0,0.0,0.0,0.0,0.0
2026-05-08T02:27:18,08/05/2026 02:20:01,50.01,TOTAL_IPPS,7.0,133.0,52.0,451.0,0.0,649.0,643.0
2026-05-08T02:27:23,08/05/2026 02:20:01,50.01,BESCOM,6.0,0.0,6.0,89.0,23.0,102.0,124.0
2026-05-08T02:27:23,08/05/2026 02:20:01,50.01,MESCOM,0.0,0.0,25.0,0.0,0.0,26.0,25.0
2026-05-08T02:27:23,08/05/2026 02:20:01,50.01,CESC,1.0,0.0,19.0,35.0,0.0,56.0,55.0
2026-05-08T02:27:23,08/05/2026 02:20:01,50.01,GESCOM,1.0,18.0,0.0,151.0,11.0,173.0,181.0
2026-05-08T02:27:23,08/05/2026 02:20:01,50.01,HESCOM,0.0,112.0,0.0,165.0,62.0,277.0,339.0
2026-05-08T02:27:23,08/05/2026 02:20:01,50.01,PAVAGADA SOLAR PARK,0.0,0.0,0.0,0.0,0.0,0.0,0.0
2026-05-08T02:27:23,08/05/2026 02:20:01,50.01,TOTAL_IPPS,7.0,133.0,52.0,451.0,0.0,649.0,643.0
2026-05-08T02:28:41,08/05/2026 02:20:01,50.01,BESCOM,6.0,0.0,6.0,89.0,23.0,102.0,124.0
2026-05-08T02:28:41,08/05/2026 02:20:01,50.01,MESCOM,0.0,0.0,25.0,0.0,0.0,26.0,25.0
2026-05-08T02:28:41,08/05/2026 02:20:01,50.01,CESC,1.0,0.0,19.0,35.0,0.0,56.0,55.0
2026-05-08T02:28:41,08/05/2026 02:20:01,50.01,GESCOM,1.0,18.0,0.0,151.0,11.0,173.0,181.0
2026-05-08T02:28:41,08/05/2026 02:20:01,50.01,HESCOM,0.0,112.0,0.0,165.0,62.0,277.0,339.0
2026-05-08T02:28:41,08/05/2026 02:20:01,50.01,PAVAGADA SOLAR PARK,0.0,0.0,0.0,0.0,0.0,0.0,0.0
2026-05-08T02:28:41,08/05/2026 02:20:01,50.01,TOTAL_IPPS,7.0,133.0,52.0,451.0,0.0,649.0,643.0
2026-05-08T02:29:51,08/05/2026 02:20:01,50.01,BESCOM,6.0,0.0,6.0,89.0,23.0,102.0,124.0
2026-05-08T02:29:51,08/05/2026 02:20:01,50.01,MESCOM,0.0,0.0,25.0,0.0,0.0,26.0,25.0
2026-05-08T02:29:51,08/05/2026 02:20:01,50.01,CESC,1.0,0.0,19.0,35.0,0.0,56.0,55.0
2026-05-08T02:29:51,08/05/2026 02:20:01,50.01,GESCOM,1.0,18.0,0.0,151.0,11.0,173.0,181.0
2026-05-08T02:29:51,08/05/2026 02:20:01,50.01,HESCOM,0.0,112.0,0.0,165.0,62.0,277.0,339.0
2026-05-08T02:29:51,08/05/2026 02:20:01,50.01,PAVAGADA SOLAR PARK,0.0,0.0,0.0,0.0,0.0,0.0,0.0
2026-05-08T02:29:51,08/05/2026 02:20:01,50.01,TOTAL_IPPS,7.0,133.0,52.0,451.0,0.0,649.0,643.0
2026-05-08T02:30:07,08/05/2026 02:20:01,50.01,BESCOM,6.0,0.0,6.0,89.0,23.0,102.0,124.0
2026-05-08T02:30:07,08/05/2026 02:20:01,50.01,MESCOM,0.0,0.0,25.0,0.0,0.0,26.0,25.0
2026-05-08T02:30:07,08/05/2026 02:20:01,50.01,CESC,1.0,0.0,19.0,35.0,0.0,56.0,55.0
2026-05-08T02:30:07,08/05/2026 02:20:01,50.01,GESCOM,1.0,18.0,0.0,151.0,11.0,173.0,181.0
2026-05-08T02:30:07,08/05/2026 02:20:01,50.01,HESCOM,0.0,112.0,0.0,165.0,62.0,277.0,339.0
2026-05-08T02:30:07,08/05/2026 02:20:01,50.01,PAVAGADA SOLAR PARK,0.0,0.0,0.0,0.0,0.0,0.0,0.0
2026-05-08T02:30:07,08/05/2026 02:20:01,50.01,TOTAL_IPPS,7.0,133.0,52.0,451.0,0.0,649.0,643.0
2026-05-08T02:30:23,08/05/2026 02:25:02,49.95,BESCOM,6.0,0.0,6.0,85.0,23.0,98.0,120.0
2026-05-08T02:30:23,08/05/2026 02:25:02,49.95,MESCOM,0.0,0.0,25.0,0.0,0.0,26.0,25.0
2026-05-08T02:30:23,08/05/2026 02:25:02,49.95,CESC,1.0,0.0,18.0,35.0,0.0,56.0,54.0
2026-05-08T02:30:23,08/05/2026 02:25:02,49.95,GESCOM,0.0,12.0,1.0,160.0,11.0,174.0,184.0
2026-05-08T02:30:23,08/05/2026 02:25:02,49.95,HESCOM,0.0,118.0,0.0,162.0,62.0,281.0,342.0
2026-05-08T02:30:23,08/05/2026 02:25:02,49.95,PAVAGADA SOLAR PARK,0.0,0.0,0.0,0.0,0.0,0.0,0.0
2026-05-08T02:30:23,08/05/2026 02:25:02,49.95,TOTAL_IPPS,8.0,132.0,51.0,446.0,0.0,649.0,637.0
2026-05-08T02:30:57,08/05/2026 02:25:02,49.95,BESCOM,6.0,0.0,6.0,85.0,23.0,98.0,120.0
2026-05-08T02:30:57,08/05/2026 02:25:02,49.95,MESCOM,0.0,0.0,25.0,0.0,0.0,26.0,25.0
2026-05-08T02:30:57,08/05/2026 02:25:02,49.95,CESC,1.0,0.0,18.0,35.0,0.0,56.0,54.0
2026-05-08T02:30:57,08/05/2026 02:25:02,49.95,GESCOM,0.0,12.0,1.0,160.0,11.0,174.0,184.0
2026-05-08T02:30:57,08/05/2026 02:25:02,49.95,HESCOM,0.0,118.0,0.0,162.0,62.0,281.0,342.0
2026-05-08T02:30:57,08/05/2026 02:25:02,49.95,PAVAGADA SOLAR PARK,0.0,0.0,0.0,0.0,0.0,0.0,0.0
2026-05-08T02:30:57,08/05/2026 02:25:02,49.95,TOTAL_IPPS,8.0,132.0,51.0,446.0,0.0,649.0,637.0
2026-05-08T02:31:00,08/05/2026 02:25:02,49.95,BESCOM,6.0,0.0,6.0,85.0,23.0,98.0,120.0
2026-05-08T02:31:00,08/05/2026 02:25:02,49.95,MESCOM,0.0,0.0,25.0,0.0,0.0,26.0,25.0
2026-05-08T02:31:00,08/05/2026 02:25:02,49.95,CESC,1.0,0.0,18.0,35.0,0.0,56.0,54.0
2026-05-08T02:31:00,08/05/2026 02:25:02,49.95,GESCOM,0.0,12.0,1.0,160.0,11.0,174.0,184.0
2026-05-08T02:31:00,08/05/2026 02:25:02,49.95,HESCOM,0.0,118.0,0.0,162.0,62.0,281.0,342.0
2026-05-08T02:31:00,08/05/2026 02:25:02,49.95,PAVAGADA SOLAR PARK,0.0,0.0,0.0,0.0,0.0,0.0,0.0
2026-05-08T02:31:00,08/05/2026 02:25:02,49.95,TOTAL_IPPS,8.0,132.0,51.0,446.0,0.0,649.0,637.0
2026-05-08T02:31:57,08/05/2026 02:25:02,49.95,BESCOM,6.0,0.0,6.0,85.0,23.0,98.0,120.0
2026-05-08T02:31:57,08/05/2026 02:25:02,49.95,MESCOM,0.0,0.0,25.0,0.0,0.0,26.0,25.0
2026-05-08T02:31:57,08/05/2026 02:25:02,49.95,CESC,1.0,0.0,18.0,35.0,0.0,56.0,54.0
2026-05-08T02:31:57,08/05/2026 02:25:02,49.95,GESCOM,0.0,12.0,1.0,160.0,11.0,174.0,184.0
2026-05-08T02:31:57,08/05/2026 02:25:02,49.95,HESCOM,0.0,118.0,0.0,162.0,62.0,281.0,342.0
2026-05-08T02:31:57,08/05/2026 02:25:02,49.95,PAVAGADA SOLAR PARK,0.0,0.0,0.0,0.0,0.0,0.0,0.0
2026-05-08T02:31:57,08/05/2026 02:25:02,49.95,TOTAL_IPPS,8.0,132.0,51.0,446.0,0.0,649.0,637.0
2026-05-08T02:34:44,08/05/2026 02:30:02,50.04,BESCOM,6.0,0.0,6.0,82.0,23.0,95.0,117.0
2026-05-08T02:34:44,08/05/2026 02:30:02,50.04,MESCOM,0.0,0.0,25.0,1.0,0.0,27.0,26.0
2026-05-08T02:34:44,08/05/2026 02:30:02,50.04,CESC,1.0,0.0,18.0,35.0,0.0,56.0,54.0
2026-05-08T02:34:44,08/05/2026 02:30:02,50.04,GESCOM,0.0,12.0,1.0,160.0,11.0,174.0,184.0
2026-05-08T02:34:44,08/05/2026 02:30:02,50.04,HESCOM,0.0,118.0,0.0,162.0,62.0,281.0,342.0
2026-05-08T02:34:44,08/05/2026 02:30:02,50.04,PAVAGADA SOLAR PARK,0.0,0.0,0.0,0.0,0.0,0.0,0.0
2026-05-08T02:34:44,08/05/2026 02:30:02,50.04,TOTAL_IPPS,8.0,132.0,51.0,446.0,0.0,649.0,637.0
2026-05-08T02:35:55,08/05/2026 02:30:02,50.04,BESCOM,6.0,0.0,6.0,82.0,23.0,95.0,117.0
2026-05-08T02:35:55,08/05/2026 02:30:02,50.04,MESCOM,0.0,0.0,25.0,1.0,0.0,27.0,26.0
2026-05-08T02:35:55,08/05/2026 02:30:02,50.04,CESC,1.0,0.0,18.0,35.0,0.0,56.0,54.0
2026-05-08T02:35:55,08/05/2026 02:30:02,50.04,GESCOM,0.0,12.0,1.0,160.0,11.0,174.0,184.0
2026-05-08T02:35:55,08/05/2026 02:30:02,50.04,HESCOM,0.0,118.0,0.0,162.0,62.0,281.0,342.0
2026-05-08T02:35:55,08/05/2026 02:30:02,50.04,PAVAGADA SOLAR PARK,0.0,0.0,0.0,0.0,0.0,0.0,0.0
2026-05-08T02:35:55,08/05/2026 02:30:02,50.04,TOTAL_IPPS,8.0,132.0,51.0,446.0,0.0,649.0,637.0
2026-05-08T02:37:06,08/05/2026 02:30:02,50.04,BESCOM,6.0,0.0,6.0,82.0,23.0,95.0,117.0
2026-05-08T02:37:06,08/05/2026 02:30:02,50.04,MESCOM,0.0,0.0,25.0,1.0,0.0,27.0,26.0
2026-05-08T02:37:06,08/05/2026 02:30:02,50.04,CESC,1.0,0.0,18.0,35.0,0.0,56.0,54.0
2026-05-08T02:37:06,08/05/2026 02:30:02,50.04,GESCOM,0.0,12.0,1.0,160.0,11.0,174.0,184.0
2026-05-08T02:37:06,08/05/2026 02:30:02,50.04,HESCOM,0.0,118.0,0.0,162.0,62.0,281.0,342.0
2026-05-08T02:37:06,08/05/2026 02:30:02,50.04,PAVAGADA SOLAR PARK,0.0,0.0,0.0,0.0,0.0,0.0,0.0
2026-05-08T02:37:06,08/05/2026 02:30:02,50.04,TOTAL_IPPS,8.0,132.0,51.0,446.0,0.0,649.0,637.0
2026-05-08T02:50:47,08/05/2026 02:45:01,50.0,BESCOM,6.0,0.0,6.0,73.0,23.0,86.0,108.0
2026-05-08T02:50:47,08/05/2026 02:45:01,50.0,MESCOM,0.0,0.0,25.0,4.0,0.0,30.0,29.0
2026-05-08T02:50:47,08/05/2026 02:45:01,50.0,CESC,1.0,0.0,19.0,37.0,0.0,58.0,57.0
2026-05-08T02:50:47,08/05/2026 02:45:01,50.0,GESCOM,0.0,8.0,0.0,122.0,11.0,132.0,141.0
2026-05-08T02:50:47,08/05/2026 02:45:01,50.0,HESCOM,0.0,115.0,0.0,190.0,62.0,306.0,367.0
2026-05-08T02:50:47,08/05/2026 02:45:01,50.0,PAVAGADA SOLAR PARK,0.0,0.0,0.0,0.0,0.0,0.0,0.0
2026-05-08T02:50:47,08/05/2026 02:45:01,50.0,TOTAL_IPPS,8.0,125.0,52.0,428.0,0.0,619.0,613.0
2026-05-08T02:51:01,08/05/2026 02:45:01,50.0,BESCOM,6.0,0.0,6.0,73.0,23.0,86.0,108.0
2026-05-08T02:51:01,08/05/2026 02:45:01,50.0,MESCOM,0.0,0.0,25.0,4.0,0.0,30.0,29.0
2026-05-08T02:51:01,08/05/2026 02:45:01,50.0,CESC,1.0,0.0,19.0,37.0,0.0,58.0,57.0
2026-05-08T02:51:01,08/05/2026 02:45:01,50.0,GESCOM,0.0,8.0,0.0,122.0,11.0,132.0,141.0
2026-05-08T02:51:01,08/05/2026 02:45:01,50.0,HESCOM,0.0,115.0,0.0,190.0,62.0,306.0,367.0
2026-05-08T02:51:01,08/05/2026 02:45:01,50.0,PAVAGADA SOLAR PARK,0.0,0.0,0.0,0.0,0.0,0.0,0.0
2026-05-08T02:51:01,08/05/2026 02:45:01,50.0,TOTAL_IPPS,8.0,125.0,52.0,428.0,0.0,619.0,613.0
2026-05-08T02:52:17,08/05/2026 02:45:01,50.0,BESCOM,6.0,0.0,6.0,73.0,23.0,86.0,108.0
2026-05-08T02:52:17,08/05/2026 02:45:01,50.0,MESCOM,0.0,0.0,25.0,4.0,0.0,30.0,29.0
2026-05-08T02:52:17,08/05/2026 02:45:01,50.0,CESC,1.0,0.0,19.0,37.0,0.0,58.0,57.0
2026-05-08T02:52:17,08/05/2026 02:45:01,50.0,GESCOM,0.0,8.0,0.0,122.0,11.0,132.0,141.0
2026-05-08T02:52:17,08/05/2026 02:45:01,50.0,HESCOM,0.0,115.0,0.0,190.0,62.0,306.0,367.0
2026-05-08T02:52:17,08/05/2026 02:45:01,50.0,PAVAGADA SOLAR PARK,0.0,0.0,0.0,0.0,0.0,0.0,0.0
2026-05-08T02:52:17,08/05/2026 02:45:01,50.0,TOTAL_IPPS,8.0,125.0,52.0,428.0,0.0,619.0,613.0
2026-05-08T02:54:10,08/05/2026 02:45:01,50.0,BESCOM,6.0,0.0,6.0,73.0,23.0,86.0,108.0
2026-05-08T02:54:10,08/05/2026 02:45:01,50.0,MESCOM,0.0,0.0,25.0,4.0,0.0,30.0,29.0
2026-05-08T02:54:10,08/05/2026 02:45:01,50.0,CESC,1.0,0.0,19.0,37.0,0.0,58.0,57.0
2026-05-08T02:54:10,08/05/2026 02:45:01,50.0,GESCOM,0.0,8.0,0.0,122.0,11.0,132.0,141.0
2026-05-08T02:54:10,08/05/2026 02:45:01,50.0,HESCOM,0.0,115.0,0.0,190.0,62.0,306.0,367.0
2026-05-08T02:54:10,08/05/2026 02:45:01,50.0,PAVAGADA SOLAR PARK,0.0,0.0,0.0,0.0,0.0,0.0,0.0
2026-05-08T02:54:10,08/05/2026 02:45:01,50.0,TOTAL_IPPS,8.0,125.0,52.0,428.0,0.0,619.0,613.0
2026-05-08T02:55:10,08/05/2026 02:50:02,50.05,BESCOM,6.0,0.0,6.0,72.0,23.0,85.0,107.0
2026-05-08T02:55:10,08/05/2026 02:50:02,50.05,MESCOM,0.0,0.0,25.0,6.0,0.0,32.0,31.0
2026-05-08T02:55:10,08/05/2026 02:50:02,50.05,CESC,1.0,0.0,19.0,36.0,0.0,57.0,56.0
2026-05-08T02:55:10,08/05/2026 02:50:02,50.05,GESCOM,0.0,13.0,1.0,111.0,11.0,122.0,136.0
2026-05-08T02:55:10,08/05/2026 02:50:02,50.05,HESCOM,0.0,118.0,0.0,183.0,62.0,301.0,363.0
2026-05-08T02:55:10,08/05/2026 02:50:02,50.05,PAVAGADA SOLAR PARK,0.0,0.0,0.0,0.0,0.0,0.0,0.0
2026-05-08T02:55:10,08/05/2026 02:50:02,50.05,TOTAL_IPPS,8.0,128.0,52.0,408.0,0.0,603.0,596.0
2026-05-08T02:56:10,08/05/2026 02:50:02,50.05,BESCOM,6.0,0.0,6.0,72.0,23.0,85.0,107.0
2026-05-08T02:56:10,08/05/2026 02:50:02,50.05,MESCOM,0.0,0.0,25.0,6.0,0.0,32.0,31.0
2026-05-08T02:56:10,08/05/2026 02:50:02,50.05,CESC,1.0,0.0,19.0,36.0,0.0,57.0,56.0
2026-05-08T02:56:10,08/05/2026 02:50:02,50.05,GESCOM,0.0,13.0,1.0,111.0,11.0,122.0,136.0
2026-05-08T02:56:10,08/05/2026 02:50:02,50.05,HESCOM,0.0,118.0,0.0,183.0,62.0,301.0,363.0
2026-05-08T02:56:10,08/05/2026 02:50:02,50.05,PAVAGADA SOLAR PARK,0.0,0.0,0.0,0.0,0.0,0.0,0.0
2026-05-08T02:56:10,08/05/2026 02:50:02,50.05,TOTAL_IPPS,8.0,128.0,52.0,408.0,0.0,603.0,596.0
2026-05-08T02:57:23,08/05/2026 02:50:02,50.05,BESCOM,6.0,0.0,6.0,72.0,23.0,85.0,107.0
2026-05-08T02:57:23,08/05/2026 02:50:02,50.05,MESCOM,0.0,0.0,25.0,6.0,0.0,32.0,31.0
2026-05-08T02:57:23,08/05/2026 02:50:02,50.05,CESC,1.0,0.0,19.0,36.0,0.0,57.0,56.0
2026-05-08T02:57:23,08/05/2026 02:50:02,50.05,GESCOM,0.0,13.0,1.0,111.0,11.0,122.0,136.0
2026-05-08T02:57:23,08/05/2026 02:50:02,50.05,HESCOM,0.0,118.0,0.0,183.0,62.0,301.0,363.0
2026-05-08T02:57:23,08/05/2026 02:50:02,50.05,PAVAGADA SOLAR PARK,0.0,0.0,0.0,0.0,0.0,0.0,0.0
2026-05-08T02:57:23,08/05/2026 02:50:02,50.05,TOTAL_IPPS,8.0,128.0,52.0,408.0,0.0,603.0,596.0
2026-05-08T02:57:55,08/05/2026 02:50:02,50.05,BESCOM,6.0,0.0,6.0,72.0,23.0,85.0,107.0
2026-05-08T02:57:55,08/05/2026 02:50:02,50.05,MESCOM,0.0,0.0,25.0,6.0,0.0,32.0,31.0
2026-05-08T02:57:55,08/05/2026 02:50:02,50.05,CESC,1.0,0.0,19.0,36.0,0.0,57.0,56.0
2026-05-08T02:57:55,08/05/2026 02:50:02,50.05,GESCOM,0.0,13.0,1.0,111.0,11.0,122.0,136.0
2026-05-08T02:57:55,08/05/2026 02:50:02,50.05,HESCOM,0.0,118.0,0.0,183.0,62.0,301.0,363.0
2026-05-08T02:57:55,08/05/2026 02:50:02,50.05,PAVAGADA SOLAR PARK,0.0,0.0,0.0,0.0,0.0,0.0,0.0
2026-05-08T02:57:55,08/05/2026 02:50:02,50.05,TOTAL_IPPS,8.0,128.0,52.0,408.0,0.0,603.0,596.0
2026-05-08T02:57:55,08/05/2026 02:50:02,50.05,BESCOM,6.0,0.0,6.0,72.0,23.0,85.0,107.0
2026-05-08T02:57:55,08/05/2026 02:50:02,50.05,MESCOM,0.0,0.0,25.0,6.0,0.0,32.0,31.0
2026-05-08T02:57:55,08/05/2026 02:50:02,50.05,CESC,1.0,0.0,19.0,36.0,0.0,57.0,56.0
2026-05-08T02:57:55,08/05/2026 02:50:02,50.05,GESCOM,0.0,13.0,1.0,111.0,11.0,122.0,136.0
2026-05-08T02:57:55,08/05/2026 02:50:02,50.05,HESCOM,0.0,118.0,0.0,183.0,62.0,301.0,363.0
2026-05-08T02:57:55,08/05/2026 02:50:02,50.05,PAVAGADA SOLAR PARK,0.0,0.0,0.0,0.0,0.0,0.0,0.0
2026-05-08T02:57:55,08/05/2026 02:50:02,50.05,TOTAL_IPPS,8.0,128.0,52.0,408.0,0.0,603.0,596.0
2026-05-08T03:05:45,08/05/2026 03:00:01,50.05,BESCOM,6.0,0.0,6.0,68.0,23.0,81.0,103.0
2026-05-08T03:05:45,08/05/2026 03:00:01,50.05,MESCOM,0.0,0.0,25.0,6.0,0.0,31.0,31.0
2026-05-08T03:05:45,08/05/2026 03:00:01,50.05,CESC,1.0,0.0,19.0,36.0,0.0,57.0,56.0
2026-05-08T03:05:45,08/05/2026 03:00:01,50.05,GESCOM,1.0,14.0,1.0,110.0,11.0,127.0,137.0
2026-05-08T03:05:45,08/05/2026 03:00:01,50.05,HESCOM,0.0,116.0,0.0,186.0,62.0,302.0,364.0
2026-05-08T03:05:45,08/05/2026 03:00:01,50.05,PAVAGADA SOLAR PARK,0.0,0.0,0.0,0.0,0.0,0.0,0.0
2026-05-08T03:05:45,08/05/2026 03:00:01,50.05,TOTAL_IPPS,8.0,131.0,52.0,410.0,0.0,604.0,601.0
2026-05-08T03:05:56,08/05/2026 03:00:01,50.05,BESCOM,6.0,0.0,6.0,68.0,23.0,81.0,103.0
2026-05-08T03:05:56,08/05/2026 03:00:01,50.05,MESCOM,0.0,0.0,25.0,6.0,0.0,31.0,31.0
2026-05-08T03:05:56,08/05/2026 03:00:01,50.05,CESC,1.0,0.0,19.0,36.0,0.0,57.0,56.0
2026-05-08T03:05:56,08/05/2026 03:00:01,50.05,GESCOM,1.0,14.0,1.0,110.0,11.0,127.0,137.0
2026-05-08T03:05:56,08/05/2026 03:00:01,50.05,HESCOM,0.0,116.0,0.0,186.0,62.0,302.0,364.0
2026-05-08T03:05:56,08/05/2026 03:00:01,50.05,PAVAGADA SOLAR PARK,0.0,0.0,0.0,0.0,0.0,0.0,0.0
2026-05-08T03:05:56,08/05/2026 03:00:01,50.05,TOTAL_IPPS,8.0,131.0,52.0,410.0,0.0,604.0,601.0
2026-05-08T03:08:00,08/05/2026 03:00:01,50.05,BESCOM,6.0,0.0,6.0,68.0,23.0,81.0,103.0
2026-05-08T03:08:00,08/05/2026 03:00:01,50.05,MESCOM,0.0,0.0,25.0,6.0,0.0,31.0,31.0
2026-05-08T03:08:00,08/05/2026 03:00:01,50.05,CESC,1.0,0.0,19.0,36.0,0.0,57.0,56.0
2026-05-08T03:08:00,08/05/2026 03:00:01,50.05,GESCOM,1.0,14.0,1.0,110.0,11.0,127.0,137.0
2026-05-08T03:08:00,08/05/2026 03:00:01,50.05,HESCOM,0.0,116.0,0.0,186.0,62.0,302.0,364.0
2026-05-08T03:08:00,08/05/2026 03:00:01,50.05,PAVAGADA SOLAR PARK,0.0,0.0,0.0,0.0,0.0,0.0,0.0
2026-05-08T03:08:00,08/05/2026 03:00:01,50.05,TOTAL_IPPS,8.0,131.0,52.0,410.0,0.0,604.0,601.0
2026-05-08T03:08:01,08/05/2026 03:00:01,50.05,BESCOM,6.0,0.0,6.0,68.0,23.0,81.0,103.0
2026-05-08T03:08:01,08/05/2026 03:00:01,50.05,MESCOM,0.0,0.0,25.0,6.0,0.0,31.0,31.0
2026-05-08T03:08:01,08/05/2026 03:00:01,50.05,CESC,1.0,0.0,19.0,36.0,0.0,57.0,56.0
2026-05-08T03:08:01,08/05/2026 03:00:01,50.05,GESCOM,1.0,14.0,1.0,110.0,11.0,127.0,137.0
2026-05-08T03:08:01,08/05/2026 03:00:01,50.05,HESCOM,0.0,116.0,0.0,186.0,62.0,302.0,364.0
2026-05-08T03:08:01,08/05/2026 03:00:01,50.05,PAVAGADA SOLAR PARK,0.0,0.0,0.0,0.0,0.0,0.0,0.0
2026-05-08T03:08:01,08/05/2026 03:00:01,50.05,TOTAL_IPPS,8.0,131.0,52.0,410.0,0.0,604.0,601.0
2026-05-10T00:31:18,10/05/2026 00:25:01,49.92,BESCOM,5.0,0.0,6.0,84.0,20.0,97.0,115.0
2026-05-10T00:31:18,10/05/2026 00:25:01,49.92,MESCOM,0.0,0.0,41.0,4.0,0.0,46.0,45.0
2026-05-10T00:31:18,10/05/2026 00:25:01,49.92,CESC,1.0,0.0,21.0,37.0,1.0,61.0,60.0
2026-05-10T00:31:18,10/05/2026 00:25:01,49.92,GESCOM,8.0,43.0,3.0,385.0,8.0,440.0,447.0
2026-05-10T00:31:18,10/05/2026 00:25:01,49.92,HESCOM,0.0,116.0,0.0,145.0,44.0,261.0,305.0
2026-05-10T00:31:18,10/05/2026 00:25:01,49.92,PAVAGADA SOLAR PARK,0.0,0.0,0.0,0.0,0.0,0.0,0.0
2026-05-10T00:31:18,10/05/2026 00:25:01,49.92,TOTAL_IPPS,14.0,160.0,73.0,657.0,0.0,911.0,904.0
2026-05-10T00:31:35,10/05/2026 00:25:01,49.92,BESCOM,5.0,0.0,6.0,84.0,20.0,97.0,115.0
2026-05-10T00:31:35,10/05/2026 00:25:01,49.92,MESCOM,0.0,0.0,41.0,4.0,0.0,46.0,45.0
2026-05-10T00:31:35,10/05/2026 00:25:01,49.92,CESC,1.0,0.0,21.0,37.0,1.0,61.0,60.0
2026-05-10T00:31:35,10/05/2026 00:25:01,49.92,GESCOM,8.0,43.0,3.0,385.0,8.0,440.0,447.0
2026-05-10T00:31:35,10/05/2026 00:25:01,49.92,HESCOM,0.0,116.0,0.0,145.0,44.0,261.0,305.0
2026-05-10T00:31:35,10/05/2026 00:25:01,49.92,PAVAGADA SOLAR PARK,0.0,0.0,0.0,0.0,0.0,0.0,0.0
2026-05-10T00:31:35,10/05/2026 00:25:01,49.92,TOTAL_IPPS,14.0,160.0,73.0,657.0,0.0,911.0,904.0
2026-05-10T00:32:03,10/05/2026 00:25:01,49.92,BESCOM,5.0,0.0,6.0,84.0,20.0,97.0,115.0
2026-05-10T00:32:03,10/05/2026 00:25:01,49.92,MESCOM,0.0,0.0,41.0,4.0,0.0,46.0,45.0
2026-05-10T00:32:03,10/05/2026 00:25:01,49.92,CESC,1.0,0.0,21.0,37.0,1.0,61.0,60.0
2026-05-10T00:32:03,10/05/2026 00:25:01,49.92,GESCOM,8.0,43.0,3.0,385.0,8.0,440.0,447.0
2026-05-10T00:32:03,10/05/2026 00:25:01,49.92,HESCOM,0.0,116.0,0.0,145.0,44.0,261.0,305.0
2026-05-10T00:32:03,10/05/2026 00:25:01,49.92,PAVAGADA SOLAR PARK,0.0,0.0,0.0,0.0,0.0,0.0,0.0
2026-05-10T00:32:03,10/05/2026 00:25:01,49.92,TOTAL_IPPS,14.0,160.0,73.0,657.0,0.0,911.0,904.0
2026-05-10T00:32:06,10/05/2026 00:25:01,49.92,BESCOM,5.0,0.0,6.0,84.0,20.0,97.0,115.0
2026-05-10T00:32:06,10/05/2026 00:25:01,49.92,MESCOM,0.0,0.0,41.0,4.0,0.0,46.0,45.0
2026-05-10T00:32:06,10/05/2026 00:25:01,49.92,CESC,1.0,0.0,21.0,37.0,1.0,61.0,60.0
2026-05-10T00:32:06,10/05/2026 00:25:01,49.92,GESCOM,8.0,43.0,3.0,385.0,8.0,440.0,447.0
2026-05-10T00:32:06,10/05/2026 00:25:01,49.92,HESCOM,0.0,116.0,0.0,145.0,44.0,261.0,305.0
2026-05-10T00:32:06,10/05/2026 00:25:01,49.92,PAVAGADA SOLAR PARK,0.0,0.0,0.0,0.0,0.0,0.0,0.0
2026-05-10T00:32:06,10/05/2026 00:25:01,49.92,TOTAL_IPPS,14.0,160.0,73.0,657.0,0.0,911.0,904.0
2026-05-10T00:33:04,10/05/2026 00:25:01,49.92,BESCOM,5.0,0.0,6.0,84.0,20.0,97.0,115.0
2026-05-10T00:33:04,10/05/2026 00:25:01,49.92,MESCOM,0.0,0.0,41.0,4.0,0.0,46.0,45.0
2026-05-10T00:33:04,10/05/2026 00:25:01,49.92,CESC,1.0,0.0,21.0,37.0,1.0,61.0,60.0
2026-05-10T00:33:04,10/05/2026 00:25:01,49.92,GESCOM,8.0,43.0,3.0,385.0,8.0,440.0,447.0
2026-05-10T00:33:04,10/05/2026 00:25:01,49.92,HESCOM,0.0,116.0,0.0,145.0,44.0,261.0,305.0
2026-05-10T00:33:04,10/05/2026 00:25:01,49.92,PAVAGADA SOLAR PARK,0.0,0.0,0.0,0.0,0.0,0.0,0.0
2026-05-10T00:33:04,10/05/2026 00:25:01,49.92,TOTAL_IPPS,14.0,160.0,73.0,657.0,0.0,911.0,904.0
2026-05-10T00:34:13,10/05/2026 00:25:01,49.92,BESCOM,5.0,0.0,6.0,84.0,20.0,97.0,115.0
2026-05-10T00:34:13,10/05/2026 00:25:01,49.92,MESCOM,0.0,0.0,41.0,4.0,0.0,46.0,45.0
2026-05-10T00:34:13,10/05/2026 00:25:01,49.92,CESC,1.0,0.0,21.0,37.0,1.0,61.0,60.0
2026-05-10T00:34:13,10/05/2026 00:25:01,49.92,GESCOM,8.0,43.0,3.0,385.0,8.0,440.0,447.0
2026-05-10T00:34:13,10/05/2026 00:25:01,49.92,HESCOM,0.0,116.0,0.0,145.0,44.0,261.0,305.0
2026-05-10T00:34:13,10/05/2026 00:25:01,49.92,PAVAGADA SOLAR PARK,0.0,0.0,0.0,0.0,0.0,0.0,0.0
2026-05-10T00:34:13,10/05/2026 00:25:01,49.92,TOTAL_IPPS,14.0,160.0,73.0,657.0,0.0,911.0,904.0
2026-05-10T00:38:12,10/05/2026 00:30:02,49.94,BESCOM,5.0,0.0,6.0,79.0,20.0,92.0,110.0
2026-05-10T00:38:12,10/05/2026 00:30:02,49.94,MESCOM,0.0,0.0,43.0,4.0,0.0,47.0,47.0
2026-05-10T00:38:12,10/05/2026 00:30:02,49.94,CESC,1.0,0.0,22.0,37.0,1.0,61.0,61.0
2026-05-10T00:38:12,10/05/2026 00:30:02,49.94,GESCOM,8.0,26.0,2.0,379.0,8.0,416.0,423.0
2026-05-10T00:38:12,10/05/2026 00:30:02,49.94,HESCOM,0.0,115.0,0.0,135.0,44.0,251.0,294.0
2026-05-10T00:38:12,10/05/2026 00:30:02,49.94,PAVAGADA SOLAR PARK,0.0,0.0,0.0,0.0,0.0,0.0,0.0
2026-05-10T00:38:12,10/05/2026 00:30:02,49.94,TOTAL_IPPS,14.0,143.0,74.0,636.0,0.0,873.0,867.0
2026-05-10T00:39:07,10/05/2026 00:30:02,49.94,BESCOM,5.0,0.0,6.0,79.0,20.0,92.0,110.0
2026-05-10T00:39:07,10/05/2026 00:30:02,49.94,MESCOM,0.0,0.0,43.0,4.0,0.0,47.0,47.0
2026-05-10T00:39:07,10/05/2026 00:30:02,49.94,CESC,1.0,0.0,22.0,37.0,1.0,61.0,61.0
2026-05-10T00:39:07,10/05/2026 00:30:02,49.94,GESCOM,8.0,26.0,2.0,379.0,8.0,416.0,423.0
2026-05-10T00:39:07,10/05/2026 00:30:02,49.94,HESCOM,0.0,115.0,0.0,135.0,44.0,251.0,294.0
2026-05-10T00:39:07,10/05/2026 00:30:02,49.94,PAVAGADA SOLAR PARK,0.0,0.0,0.0,0.0,0.0,0.0,0.0
2026-05-10T00:39:07,10/05/2026 00:30:02,49.94,TOTAL_IPPS,14.0,143.0,74.0,636.0,0.0,873.0,867.0
2026-05-10T00:42:29,10/05/2026 00:35:01,49.94,BESCOM,5.0,0.0,6.0,78.0,20.0,91.0,109.0
2026-05-10T00:42:29,10/05/2026 00:35:01,49.94,MESCOM,0.0,0.0,46.0,4.0,0.0,51.0,50.0
2026-05-10T00:42:29,10/05/2026 00:35:01,49.94,CESC,1.0,0.0,22.0,38.0,1.0,62.0,62.0
2026-05-10T00:42:29,10/05/2026 00:35:01,49.94,GESCOM,8.0,39.0,3.0,379.0,8.0,416.0,437.0
2026-05-10T00:42:29,10/05/2026 00:35:01,49.94,HESCOM,0.0,115.0,0.0,135.0,44.0,251.0,294.0
2026-05-10T00:42:29,10/05/2026 00:35:01,49.94,PAVAGADA SOLAR PARK,0.0,0.0,0.0,0.0,0.0,0.0,0.0
2026-05-10T00:42:29,10/05/2026 00:35:01,49.94,TOTAL_IPPS,14.0,143.0,74.0,636.0,0.0,873.0,867.0
2026-05-10T00:43:07,10/05/2026 00:35:01,49.94,BESCOM,5.0,0.0,6.0,78.0,20.0,91.0,109.0
2026-05-10T00:43:07,10/05/2026 00:35:01,49.94,MESCOM,0.0,0.0,46.0,4.0,0.0,51.0,50.0
2026-05-10T00:43:07,10/05/2026 00:35:01,49.94,CESC,1.0,0.0,22.0,38.0,1.0,62.0,62.0
2026-05-10T00:43:07,10/05/2026 00:35:01,49.94,GESCOM,8.0,39.0,3.0,379.0,8.0,416.0,437.0
2026-05-10T00:43:07,10/05/2026 00:35:01,49.94,HESCOM,0.0,115.0,0.0,135.0,44.0,251.0,294.0
2026-05-10T00:43:07,10/05/2026 00:35:01,49.94,PAVAGADA SOLAR PARK,0.0,0.0,0.0,0.0,0.0,0.0,0.0
2026-05-10T00:43:07,10/05/2026 00:35:01,49.94,TOTAL_IPPS,14.0,143.0,74.0,636.0,0.0,873.0,867.0
2026-05-10T00:44:21,10/05/2026 00:35:01,49.94,BESCOM,5.0,0.0,6.0,78.0,20.0,91.0,109.0
2026-05-10T00:44:21,10/05/2026 00:35:01,49.94,MESCOM,0.0,0.0,46.0,4.0,0.0,51.0,50.0
2026-05-10T00:44:21,10/05/2026 00:35:01,49.94,CESC,1.0,0.0,22.0,38.0,1.0,62.0,62.0
2026-05-10T00:44:21,10/05/2026 00:35:01,49.94,GESCOM,8.0,39.0,3.0,379.0,8.0,416.0,437.0
2026-05-10T00:44:21,10/05/2026 00:35:01,49.94,HESCOM,0.0,115.0,0.0,135.0,44.0,251.0,294.0
2026-05-10T00:44:21,10/05/2026 00:35:01,49.94,PAVAGADA SOLAR PARK,0.0,0.0,0.0,0.0,0.0,0.0,0.0
2026-05-10T00:44:21,10/05/2026 00:35:01,49.94,TOTAL_IPPS,14.0,143.0,74.0,636.0,0.0,873.0,867.0
2026-05-10T00:47:42,10/05/2026 00:40:02,49.92,BESCOM,5.0,0.0,6.0,81.0,20.0,95.0,112.0
2026-05-10T00:47:42,10/05/2026 00:40:02,49.92,MESCOM,0.0,0.0,46.0,4.0,0.0,51.0,50.0
2026-05-10T00:47:42,10/05/2026 00:40:02,49.92,CESC,1.0,0.0,22.0,38.0,1.0,62.0,62.0
2026-05-10T00:47:42,10/05/2026 00:40:02,49.92,GESCOM,8.0,39.0,3.0,379.0,8.0,416.0,437.0
2026-05-10T00:47:42,10/05/2026 00:40:02,49.92,HESCOM,0.0,115.0,0.0,135.0,44.0,251.0,294.0
2026-05-10T00:47:42,10/05/2026 00:40:02,49.92,PAVAGADA SOLAR PARK,0.0,0.0,0.0,0.0,0.0,0.0,0.0
2026-05-10T00:47:42,10/05/2026 00:40:02,49.92,TOTAL_IPPS,14.0,143.0,74.0,636.0,0.0,873.0,867.0
2026-05-10T01:31:22,10/05/2026 01:25:01,49.98,BESCOM,5.0,0.0,6.0,66.0,20.0,79.0,97.0
2026-05-10T01:31:22,10/05/2026 01:25:01,49.98,MESCOM,0.0,0.0,42.0,0.0,0.0,42.0,42.0
2026-05-10T01:31:22,10/05/2026 01:25:01,49.98,CESC,1.0,0.0,20.0,37.0,1.0,59.0,59.0
2026-05-10T01:31:22,10/05/2026 01:25:01,49.98,GESCOM,7.0,29.0,1.0,402.0,8.0,440.0,447.0
2026-05-10T01:31:22,10/05/2026 01:25:01,49.98,HESCOM,0.0,98.0,0.0,71.0,44.0,169.0,213.0
2026-05-10T01:31:22,10/05/2026 01:25:01,49.98,PAVAGADA SOLAR PARK,0.0,0.0,0.0,0.0,0.0,0.0,0.0
2026-05-10T01:31:22,10/05/2026 01:25:01,49.98,TOTAL_IPPS,15.0,128.0,69.0,577.0,0.0,795.0,789.0
2026-05-10T01:31:40,10/05/2026 01:25:01,49.98,BESCOM,5.0,0.0,6.0,66.0,20.0,79.0,97.0
2026-05-10T01:31:40,10/05/2026 01:25:01,49.98,MESCOM,0.0,0.0,42.0,0.0,0.0,42.0,42.0
2026-05-10T01:31:40,10/05/2026 01:25:01,49.98,CESC,1.0,0.0,20.0,37.0,1.0,59.0,59.0
2026-05-10T01:31:40,10/05/2026 01:25:01,49.98,GESCOM,7.0,29.0,1.0,402.0,8.0,440.0,447.0
2026-05-10T01:31:40,10/05/2026 01:25:01,49.98,HESCOM,0.0,98.0,0.0,71.0,44.0,169.0,213.0
2026-05-10T01:31:40,10/05/2026 01:25:01,49.98,PAVAGADA SOLAR PARK,0.0,0.0,0.0,0.0,0.0,0.0,0.0
2026-05-10T01:31:40,10/05/2026 01:25:01,49.98,TOTAL_IPPS,15.0,128.0,69.0,577.0,0.0,795.0,789.0
2026-05-10T01:33:56,10/05/2026 01:25:01,49.98,BESCOM,5.0,0.0,6.0,66.0,20.0,79.0,97.0
2026-05-10T01:33:56,10/05/2026 01:25:01,49.98,MESCOM,0.0,0.0,42.0,0.0,0.0,42.0,42.0
2026-05-10T01:33:56,10/05/2026 01:25:01,49.98,CESC,1.0,0.0,20.0,37.0,1.0,59.0,59.0
2026-05-10T01:33:56,10/05/2026 01:25:01,49.98,GESCOM,7.0,29.0,1.0,402.0,8.0,440.0,447.0
2026-05-10T01:33:56,10/05/2026 01:25:01,49.98,HESCOM,0.0,98.0,0.0,71.0,44.0,169.0,213.0
2026-05-10T01:33:56,10/05/2026 01:25:01,49.98,PAVAGADA SOLAR PARK,0.0,0.0,0.0,0.0,0.0,0.0,0.0
2026-05-10T01:33:56,10/05/2026 01:25:01,49.98,TOTAL_IPPS,15.0,128.0,69.0,577.0,0.0,795.0,789.0
2026-05-10T01:34:56,10/05/2026 01:30:01,49.98,BESCOM,5.0,0.0,6.0,66.0,20.0,79.0,97.0
2026-05-10T01:34:56,10/05/2026 01:30:01,49.98,MESCOM,0.0,0.0,42.0,0.0,0.0,42.0,42.0
2026-05-10T01:34:56,10/05/2026 01:30:01,49.98,CESC,1.0,0.0,20.0,37.0,1.0,59.0,59.0
2026-05-10T01:34:56,10/05/2026 01:30:01,49.98,GESCOM,7.0,29.0,1.0,402.0,8.0,440.0,447.0
2026-05-10T01:34:56,10/05/2026 01:30:01,49.98,HESCOM,0.0,98.0,0.0,71.0,44.0,169.0,213.0
2026-05-10T01:34:56,10/05/2026 01:30:01,49.98,PAVAGADA SOLAR PARK,0.0,0.0,0.0,0.0,0.0,0.0,0.0
2026-05-10T01:34:56,10/05/2026 01:30:01,49.98,TOTAL_IPPS,15.0,128.0,69.0,577.0,0.0,795.0,789.0
2026-05-10T01:35:56,10/05/2026 01:30:01,49.98,BESCOM,5.0,0.0,6.0,66.0,20.0,79.0,97.0
2026-05-10T01:35:56,10/05/2026 01:30:01,49.98,MESCOM,0.0,0.0,42.0,0.0,0.0,42.0,42.0
2026-05-10T01:35:56,10/05/2026 01:30:01,49.98,CESC,1.0,0.0,20.0,37.0,1.0,59.0,59.0
2026-05-10T01:35:56,10/05/2026 01:30:01,49.98,GESCOM,7.0,29.0,1.0,402.0,8.0,440.0,447.0
2026-05-10T01:35:56,10/05/2026 01:30:01,49.98,HESCOM,0.0,98.0,0.0,71.0,44.0,169.0,213.0
2026-05-10T01:35:56,10/05/2026 01:30:01,49.98,PAVAGADA SOLAR PARK,0.0,0.0,0.0,0.0,0.0,0.0,0.0
2026-05-10T01:35:56,10/05/2026 01:30:01,49.98,TOTAL_IPPS,15.0,128.0,69.0,577.0,0.0,795.0,789.0
2026-05-10T01:37:02,10/05/2026 01:30:01,49.98,BESCOM,5.0,0.0,6.0,66.0,20.0,79.0,97.0
2026-05-10T01:37:02,10/05/2026 01:30:01,49.98,MESCOM,0.0,0.0,42.0,0.0,0.0,42.0,42.0
2026-05-10T01:37:02,10/05/2026 01:30:01,49.98,CESC,1.0,0.0,20.0,37.0,1.0,59.0,59.0
2026-05-10T01:37:02,10/05/2026 01:30:01,49.98,GESCOM,7.0,29.0,1.0,402.0,8.0,440.0,447.0
2026-05-10T01:37:02,10/05/2026 01:30:01,49.98,HESCOM,0.0,98.0,0.0,71.0,44.0,169.0,213.0
2026-05-10T01:37:02,10/05/2026 01:30:01,49.98,PAVAGADA SOLAR PARK,0.0,0.0,0.0,0.0,0.0,0.0,0.0
2026-05-10T01:37:02,10/05/2026 01:30:01,49.98,TOTAL_IPPS,15.0,128.0,69.0,577.0,0.0,795.0,789.0
2026-05-10T01:37:58,10/05/2026 01:30:01,49.98,BESCOM,5.0,0.0,6.0,66.0,20.0,79.0,97.0
2026-05-10T01:37:58,10/05/2026 01:30:01,49.98,MESCOM,0.0,0.0,42.0,0.0,0.0,42.0,42.0
2026-05-10T01:37:58,10/05/2026 01:30:01,49.98,CESC,1.0,0.0,20.0,37.0,1.0,59.0,59.0
2026-05-10T01:37:58,10/05/2026 01:30:01,49.98,GESCOM,7.0,29.0,1.0,402.0,8.0,440.0,447.0
2026-05-10T01:37:58,10/05/2026 01:30:01,49.98,HESCOM,0.0,98.0,0.0,71.0,44.0,169.0,213.0
2026-05-10T01:37:58,10/05/2026 01:30:01,49.98,PAVAGADA SOLAR PARK,0.0,0.0,0.0,0.0,0.0,0.0,0.0
2026-05-10T01:37:58,10/05/2026 01:30:01,49.98,TOTAL_IPPS,15.0,128.0,69.0,577.0,0.0,795.0,789.0
2026-05-10T01:38:58,10/05/2026 01:30:01,49.98,BESCOM,5.0,0.0,6.0,66.0,20.0,79.0,97.0
2026-05-10T01:38:58,10/05/2026 01:30:01,49.98,MESCOM,0.0,0.0,42.0,0.0,0.0,42.0,42.0
2026-05-10T01:38:58,10/05/2026 01:30:01,49.98,CESC,1.0,0.0,20.0,37.0,1.0,59.0,59.0
2026-05-10T01:38:58,10/05/2026 01:30:01,49.98,GESCOM,7.0,29.0,1.0,402.0,8.0,440.0,447.0
2026-05-10T01:38:58,10/05/2026 01:30:01,49.98,HESCOM,0.0,98.0,0.0,71.0,44.0,169.0,213.0
2026-05-10T01:38:58,10/05/2026 01:30:01,49.98,PAVAGADA SOLAR PARK,0.0,0.0,0.0,0.0,0.0,0.0,0.0
2026-05-10T01:38:58,10/05/2026 01:30:01,49.98,TOTAL_IPPS,15.0,128.0,69.0,577.0,0.0,795.0,789.0
2026-05-10T01:39:58,10/05/2026 01:30:01,49.98,BESCOM,5.0,0.0,6.0,66.0,20.0,79.0,97.0
2026-05-10T01:39:58,10/05/2026 01:30:01,49.98,MESCOM,0.0,0.0,42.0,0.0,0.0,42.0,42.0
2026-05-10T01:39:58,10/05/2026 01:30:01,49.98,CESC,1.0,0.0,20.0,37.0,1.0,59.0,59.0
2026-05-10T01:39:58,10/05/2026 01:30:01,49.98,GESCOM,7.0,29.0,1.0,402.0,8.0,440.0,447.0
2026-05-10T01:39:58,10/05/2026 01:30:01,49.98,HESCOM,0.0,98.0,0.0,71.0,44.0,169.0,213.0
2026-05-10T01:39:58,10/05/2026 01:30:01,49.98,PAVAGADA SOLAR PARK,0.0,0.0,0.0,0.0,0.0,0.0,0.0
2026-05-10T01:39:58,10/05/2026 01:30:01,49.98,TOTAL_IPPS,15.0,128.0,69.0,577.0,0.0,795.0,789.0
2026-05-10T01:41:22,10/05/2026 01:35:01,49.97,BESCOM,5.0,0.0,6.0,61.0,20.0,73.0,92.0
2026-05-10T01:41:22,10/05/2026 01:35:01,49.97,MESCOM,0.0,0.0,43.0,0.0,0.0,44.0,43.0
2026-05-10T01:41:22,10/05/2026 01:35:01,49.97,CESC,1.0,0.0,19.0,38.0,1.0,60.0,59.0
2026-05-10T01:41:22,10/05/2026 01:35:01,49.97,GESCOM,7.0,20.0,2.0,378.0,8.0,407.0,415.0
2026-05-10T01:41:22,10/05/2026 01:35:01,49.97,HESCOM,0.0,92.0,0.0,77.0,44.0,169.0,213.0
2026-05-10T01:41:22,10/05/2026 01:35:01,49.97,PAVAGADA SOLAR PARK,0.0,0.0,0.0,0.0,0.0,0.0,0.0
2026-05-10T01:41:22,10/05/2026 01:35:01,49.97,TOTAL_IPPS,14.0,112.0,72.0,559.0,0.0,763.0,757.0
2026-05-10T01:41:23,10/05/2026 01:35:01,49.97,BESCOM,5.0,0.0,6.0,61.0,20.0,73.0,92.0
2026-05-10T01:41:23,10/05/2026 01:35:01,49.97,MESCOM,0.0,0.0,43.0,0.0,0.0,44.0,43.0
2026-05-10T01:41:23,10/05/2026 01:35:01,49.97,CESC,1.0,0.0,19.0,38.0,1.0,60.0,59.0
2026-05-10T01:41:23,10/05/2026 01:35:01,49.97,GESCOM,7.0,20.0,2.0,378.0,8.0,407.0,415.0
2026-05-10T01:41:23,10/05/2026 01:35:01,49.97,HESCOM,0.0,92.0,0.0,77.0,44.0,169.0,213.0
2026-05-10T01:41:23,10/05/2026 01:35:01,49.97,PAVAGADA SOLAR PARK,0.0,0.0,0.0,0.0,0.0,0.0,0.0
2026-05-10T01:41:23,10/05/2026 01:35:01,49.97,TOTAL_IPPS,14.0,112.0,72.0,559.0,0.0,763.0,757.0
2026-05-10T01:42:22,10/05/2026 01:35:01,49.97,BESCOM,5.0,0.0,6.0,61.0,20.0,73.0,92.0
2026-05-10T01:42:22,10/05/2026 01:35:01,49.97,MESCOM,0.0,0.0,43.0,0.0,0.0,44.0,43.0
2026-05-10T01:42:22,10/05/2026 01:35:01,49.97,CESC,1.0,0.0,19.0,38.0,1.0,60.0,59.0
2026-05-10T01:42:22,10/05/2026 01:35:01,49.97,GESCOM,7.0,20.0,2.0,378.0,8.0,407.0,415.0
2026-05-10T01:42:22,10/05/2026 01:35:01,49.97,HESCOM,0.0,92.0,0.0,77.0,44.0,169.0,213.0
2026-05-10T01:42:22,10/05/2026 01:35:01,49.97,PAVAGADA SOLAR PARK,0.0,0.0,0.0,0.0,0.0,0.0,0.0
2026-05-10T01:42:22,10/05/2026 01:35:01,49.97,TOTAL_IPPS,14.0,112.0,72.0,559.0,0.0,763.0,757.0
2026-05-10T01:43:22,10/05/2026 01:35:01,49.97,BESCOM,5.0,0.0,6.0,61.0,20.0,73.0,92.0
2026-05-10T01:43:22,10/05/2026 01:35:01,49.97,MESCOM,0.0,0.0,43.0,0.0,0.0,44.0,43.0
2026-05-10T01:43:22,10/05/2026 01:35:01,49.97,CESC,1.0,0.0,19.0,38.0,1.0,60.0,59.0
2026-05-10T01:43:22,10/05/2026 01:35:01,49.97,GESCOM,7.0,20.0,2.0,378.0,8.0,407.0,415.0
2026-05-10T01:43:22,10/05/2026 01:35:01,49.97,HESCOM,0.0,92.0,0.0,77.0,44.0,169.0,213.0
2026-05-10T01:43:22,10/05/2026 01:35:01,49.97,PAVAGADA SOLAR PARK,0.0,0.0,0.0,0.0,0.0,0.0,0.0
2026-05-10T01:43:22,10/05/2026 01:35:01,49.97,TOTAL_IPPS,14.0,112.0,72.0,559.0,0.0,763.0,757.0
2026-05-10T01:44:24,10/05/2026 01:40:01,49.96,BESCOM,5.0,0.0,6.0,62.0,20.0,74.0,93.0
2026-05-10T01:44:24,10/05/2026 01:40:01,49.96,MESCOM,0.0,0.0,43.0,0.0,0.0,43.0,43.0
2026-05-10T01:44:24,10/05/2026 01:40:01,49.96,CESC,1.0,0.0,20.0,39.0,1.0,61.0,61.0
2026-05-10T01:44:24,10/05/2026 01:40:01,49.96,GESCOM,7.0,36.0,3.0,380.0,8.0,425.0,434.0
2026-05-10T01:44:24,10/05/2026 01:40:01,49.96,HESCOM,0.0,90.0,0.0,93.0,44.0,181.0,227.0
2026-05-10T01:44:24,10/05/2026 01:40:01,49.96,PAVAGADA SOLAR PARK,0.0,0.0,0.0,0.0,0.0,0.0,0.0
2026-05-10T01:44:24,10/05/2026 01:40:01,49.96,TOTAL_IPPS,14.0,121.0,71.0,571.0,0.0,782.0,777.0
2026-05-10T01:45:25,10/05/2026 01:40:01,49.96,BESCOM,5.0,0.0,6.0,62.0,20.0,74.0,93.0
2026-05-10T01:45:25,10/05/2026 01:40:01,49.96,MESCOM,0.0,0.0,43.0,0.0,0.0,43.0,43.0
2026-05-10T01:45:25,10/05/2026 01:40:01,49.96,CESC,1.0,0.0,20.0,39.0,1.0,61.0,61.0
2026-05-10T01:45:25,10/05/2026 01:40:01,49.96,GESCOM,7.0,36.0,3.0,380.0,8.0,425.0,434.0
2026-05-10T01:45:25,10/05/2026 01:40:01,49.96,HESCOM,0.0,90.0,0.0,93.0,44.0,181.0,227.0
2026-05-10T01:45:25,10/05/2026 01:40:01,49.96,PAVAGADA SOLAR PARK,0.0,0.0,0.0,0.0,0.0,0.0,0.0
2026-05-10T01:45:25,10/05/2026 01:40:01,49.96,TOTAL_IPPS,14.0,121.0,71.0,571.0,0.0,782.0,777.0
2026-05-10T01:46:26,10/05/2026 01:40:01,49.96,BESCOM,5.0,0.0,6.0,62.0,20.0,74.0,93.0
2026-05-10T01:46:26,10/05/2026 01:40:01,49.96,MESCOM,0.0,0.0,43.0,0.0,0.0,43.0,43.0
2026-05-10T01:46:26,10/05/2026 01:40:01,49.96,CESC,1.0,0.0,20.0,39.0,1.0,61.0,61.0
2026-05-10T01:46:26,10/05/2026 01:40:01,49.96,GESCOM,7.0,36.0,3.0,380.0,8.0,425.0,434.0
2026-05-10T01:46:26,10/05/2026 01:40:01,49.96,HESCOM,0.0,90.0,0.0,93.0,44.0,181.0,227.0
2026-05-10T01:46:26,10/05/2026 01:40:01,49.96,PAVAGADA SOLAR PARK,0.0,0.0,0.0,0.0,0.0,0.0,0.0
2026-05-10T01:46:26,10/05/2026 01:40:01,49.96,TOTAL_IPPS,14.0,121.0,71.0,571.0,0.0,782.0,777.0
2026-05-10T01:47:27,10/05/2026 01:40:01,49.96,BESCOM,5.0,0.0,6.0,62.0,20.0,74.0,93.0
2026-05-10T01:47:27,10/05/2026 01:40:01,49.96,MESCOM,0.0,0.0,43.0,0.0,0.0,43.0,43.0
2026-05-10T01:47:27,10/05/2026 01:40:01,49.96,CESC,1.0,0.0,20.0,39.0,1.0,61.0,61.0
2026-05-10T01:47:27,10/05/2026 01:40:01,49.96,GESCOM,7.0,36.0,3.0,380.0,8.0,425.0,434.0
2026-05-10T01:47:27,10/05/2026 01:40:01,49.96,HESCOM,0.0,90.0,0.0,93.0,44.0,181.0,227.0
2026-05-10T01:47:27,10/05/2026 01:40:01,49.96,PAVAGADA SOLAR PARK,0.0,0.0,0.0,0.0,0.0,0.0,0.0
2026-05-10T01:47:27,10/05/2026 01:40:01,49.96,TOTAL_IPPS,14.0,121.0,71.0,571.0,0.0,782.0,777.0
2026-05-10T01:48:22,10/05/2026 01:40:01,49.96,BESCOM,5.0,0.0,6.0,62.0,20.0,74.0,93.0
2026-05-10T01:48:22,10/05/2026 01:40:01,49.96,MESCOM,0.0,0.0,43.0,0.0,0.0,43.0,43.0
2026-05-10T01:48:22,10/05/2026 01:40:01,49.96,CESC,1.0,0.0,20.0,39.0,1.0,61.0,61.0
2026-05-10T01:48:22,10/05/2026 01:40:01,49.96,GESCOM,7.0,36.0,3.0,380.0,8.0,425.0,434.0
2026-05-10T01:48:22,10/05/2026 01:40:01,49.96,HESCOM,0.0,90.0,0.0,93.0,44.0,181.0,227.0
2026-05-10T01:48:22,10/05/2026 01:40:01,49.96,PAVAGADA SOLAR PARK,0.0,0.0,0.0,0.0,0.0,0.0,0.0
2026-05-10T01:48:22,10/05/2026 01:40:01,49.96,TOTAL_IPPS,14.0,121.0,71.0,571.0,0.0,782.0,777.0
2026-05-10T01:48:28,10/05/2026 01:40:01,49.96,BESCOM,5.0,0.0,6.0,62.0,20.0,74.0,93.0
2026-05-10T01:48:28,10/05/2026 01:40:01,49.96,MESCOM,0.0,0.0,43.0,0.0,0.0,43.0,43.0
2026-05-10T01:48:28,10/05/2026 01:40:01,49.96,CESC,1.0,0.0,20.0,39.0,1.0,61.0,61.0
2026-05-10T01:48:28,10/05/2026 01:40:01,49.96,GESCOM,7.0,36.0,3.0,380.0,8.0,425.0,434.0
2026-05-10T01:48:28,10/05/2026 01:40:01,49.96,HESCOM,0.0,90.0,0.0,93.0,44.0,181.0,227.0
2026-05-10T01:48:28,10/05/2026 01:40:01,49.96,PAVAGADA SOLAR PARK,0.0,0.0,0.0,0.0,0.0,0.0,0.0
2026-05-10T01:48:28,10/05/2026 01:40:01,49.96,TOTAL_IPPS,14.0,121.0,71.0,571.0,0.0,782.0,777.0
2026-05-10T01:49:29,10/05/2026 01:40:01,49.96,BESCOM,5.0,0.0,6.0,62.0,20.0,74.0,93.0
2026-05-10T01:49:29,10/05/2026 01:40:01,49.96,MESCOM,0.0,0.0,43.0,0.0,0.0,43.0,43.0
2026-05-10T01:49:29,10/05/2026 01:40:01,49.96,CESC,1.0,0.0,20.0,39.0,1.0,61.0,61.0
2026-05-10T01:49:29,10/05/2026 01:40:01,49.96,GESCOM,7.0,36.0,3.0,380.0,8.0,425.0,434.0
2026-05-10T01:49:29,10/05/2026 01:40:01,49.96,HESCOM,0.0,90.0,0.0,93.0,44.0,181.0,227.0
2026-05-10T01:49:29,10/05/2026 01:40:01,49.96,PAVAGADA SOLAR PARK,0.0,0.0,0.0,0.0,0.0,0.0,0.0
2026-05-10T01:49:29,10/05/2026 01:40:01,49.96,TOTAL_IPPS,14.0,121.0,71.0,571.0,0.0,782.0,777.0
2026-05-10T01:50:30,10/05/2026 01:45:01,50.0,BESCOM,5.0,0.0,6.0,59.0,20.0,72.0,90.0
2026-05-10T01:50:30,10/05/2026 01:45:01,50.0,MESCOM,0.0,0.0,43.0,0.0,0.0,43.0,43.0
2026-05-10T01:50:30,10/05/2026 01:45:01,50.0,CESC,1.0,0.0,17.0,38.0,1.0,57.0,57.0
2026-05-10T01:50:30,10/05/2026 01:45:01,50.0,GESCOM,7.0,33.0,2.0,387.0,8.0,431.0,437.0
2026-05-10T01:50:30,10/05/2026 01:45:01,50.0,HESCOM,0.0,91.0,0.0,108.0,44.0,200.0,243.0
2026-05-10T01:50:30,10/05/2026 01:45:01,50.0,PAVAGADA SOLAR PARK,0.0,0.0,0.0,0.0,0.0,0.0,0.0
2026-05-10T01:50:30,10/05/2026 01:45:01,50.0,TOTAL_IPPS,14.0,126.0,69.0,599.0,0.0,813.0,808.0
2026-05-10T01:51:31,10/05/2026 01:45:01,50.0,BESCOM,5.0,0.0,6.0,59.0,20.0,72.0,90.0
2026-05-10T01:51:31,10/05/2026 01:45:01,50.0,MESCOM,0.0,0.0,43.0,0.0,0.0,43.0,43.0
2026-05-10T01:51:31,10/05/2026 01:45:01,50.0,CESC,1.0,0.0,17.0,38.0,1.0,57.0,57.0
2026-05-10T01:51:31,10/05/2026 01:45:01,50.0,GESCOM,7.0,33.0,2.0,387.0,8.0,431.0,437.0
2026-05-10T01:51:31,10/05/2026 01:45:01,50.0,HESCOM,0.0,91.0,0.0,108.0,44.0,200.0,243.0
2026-05-10T01:51:31,10/05/2026 01:45:01,50.0,PAVAGADA SOLAR PARK,0.0,0.0,0.0,0.0,0.0,0.0,0.0
2026-05-10T01:51:31,10/05/2026 01:45:01,50.0,TOTAL_IPPS,14.0,126.0,69.0,599.0,0.0,813.0,808.0
2026-05-10T01:52:32,10/05/2026 01:45:01,50.0,BESCOM,5.0,0.0,6.0,59.0,20.0,72.0,90.0
2026-05-10T01:52:32,10/05/2026 01:45:01,50.0,MESCOM,0.0,0.0,43.0,0.0,0.0,43.0,43.0
2026-05-10T01:52:32,10/05/2026 01:45:01,50.0,CESC,1.0,0.0,17.0,38.0,1.0,57.0,57.0
2026-05-10T01:52:32,10/05/2026 01:45:01,50.0,GESCOM,7.0,33.0,2.0,387.0,8.0,431.0,437.0
2026-05-10T01:52:32,10/05/2026 01:45:01,50.0,HESCOM,0.0,91.0,0.0,108.0,44.0,200.0,243.0
2026-05-10T01:52:32,10/05/2026 01:45:01,50.0,PAVAGADA SOLAR PARK,0.0,0.0,0.0,0.0,0.0,0.0,0.0
2026-05-10T01:52:32,10/05/2026 01:45:01,50.0,TOTAL_IPPS,14.0,126.0,69.0,599.0,0.0,813.0,808.0
2026-05-10T01:53:33,10/05/2026 01:45:01,50.0,BESCOM,5.0,0.0,6.0,59.0,20.0,72.0,90.0
2026-05-10T01:53:33,10/05/2026 01:45:01,50.0,MESCOM,0.0,0.0,43.0,0.0,0.0,43.0,43.0
2026-05-10T01:53:33,10/05/2026 01:45:01,50.0,CESC,1.0,0.0,17.0,38.0,1.0,57.0,57.0
2026-05-10T01:53:33,10/05/2026 01:45:01,50.0,GESCOM,7.0,33.0,2.0,387.0,8.0,431.0,437.0
2026-05-10T01:53:33,10/05/2026 01:45:01,50.0,HESCOM,0.0,91.0,0.0,108.0,44.0,200.0,243.0
2026-05-10T01:53:33,10/05/2026 01:45:01,50.0,PAVAGADA SOLAR PARK,0.0,0.0,0.0,0.0,0.0,0.0,0.0
2026-05-10T01:53:33,10/05/2026 01:45:01,50.0,TOTAL_IPPS,14.0,126.0,69.0,599.0,0.0,813.0,808.0
2026-05-10T01:54:34,10/05/2026 01:50:01,49.98,BESCOM,6.0,0.0,6.0,58.0,20.0,72.0,90.0
2026-05-10T01:54:34,10/05/2026 01:50:01,49.98,MESCOM,0.0,0.0,43.0,0.0,0.0,43.0,43.0
2026-05-10T01:54:34,10/05/2026 01:50:01,49.98,CESC,1.0,0.0,24.0,37.0,1.0,63.0,63.0
2026-05-10T01:54:34,10/05/2026 01:50:01,49.98,GESCOM,8.0,26.0,1.0,404.0,8.0,440.0,447.0
2026-05-10T01:54:34,10/05/2026 01:50:01,49.98,HESCOM,0.0,99.0,0.0,131.0,44.0,231.0,274.0
2026-05-10T01:54:34,10/05/2026 01:50:01,49.98,PAVAGADA SOLAR PARK,0.0,0.0,0.0,0.0,0.0,0.0,0.0
2026-05-10T01:54:34,10/05/2026 01:50:01,49.98,TOTAL_IPPS,15.0,127.0,76.0,640.0,0.0,864.0,858.0
2026-05-10T01:55:52,10/05/2026 01:50:01,49.98,BESCOM,6.0,0.0,6.0,58.0,20.0,72.0,90.0
2026-05-10T01:55:52,10/05/2026 01:50:01,49.98,MESCOM,0.0,0.0,43.0,0.0,0.0,43.0,43.0
2026-05-10T01:55:52,10/05/2026 01:50:01,49.98,CESC,1.0,0.0,24.0,37.0,1.0,63.0,63.0
2026-05-10T01:55:52,10/05/2026 01:50:01,49.98,GESCOM,8.0,26.0,1.0,404.0,8.0,440.0,447.0
2026-05-10T01:55:52,10/05/2026 01:50:01,49.98,HESCOM,0.0,99.0,0.0,131.0,44.0,231.0,274.0
2026-05-10T01:55:52,10/05/2026 01:50:01,49.98,PAVAGADA SOLAR PARK,0.0,0.0,0.0,0.0,0.0,0.0,0.0
2026-05-10T01:55:52,10/05/2026 01:50:01,49.98,TOTAL_IPPS,15.0,127.0,76.0,640.0,0.0,864.0,858.0
2026-05-10T01:57:41,10/05/2026 01:50:01,49.98,BESCOM,6.0,0.0,6.0,58.0,20.0,72.0,90.0
2026-05-10T01:57:41,10/05/2026 01:50:01,49.98,MESCOM,0.0,0.0,43.0,0.0,0.0,43.0,43.0
2026-05-10T01:57:41,10/05/2026 01:50:01,49.98,CESC,1.0,0.0,24.0,37.0,1.0,63.0,63.0
2026-05-10T01:57:41,10/05/2026 01:50:01,49.98,GESCOM,8.0,26.0,1.0,404.0,8.0,440.0,447.0
2026-05-10T01:57:41,10/05/2026 01:50:01,49.98,HESCOM,0.0,99.0,0.0,131.0,44.0,231.0,274.0
2026-05-10T01:57:41,10/05/2026 01:50:01,49.98,PAVAGADA SOLAR PARK,0.0,0.0,0.0,0.0,0.0,0.0,0.0
2026-05-10T01:57:41,10/05/2026 01:50:01,49.98,TOTAL_IPPS,15.0,127.0,76.0,640.0,0.0,864.0,858.0
2026-05-10T01:58:23,10/05/2026 01:50:01,49.98,BESCOM,6.0,0.0,6.0,58.0,20.0,72.0,90.0
2026-05-10T01:58:23,10/05/2026 01:50:01,49.98,MESCOM,0.0,0.0,43.0,0.0,0.0,43.0,43.0
2026-05-10T01:58:23,10/05/2026 01:50:01,49.98,CESC,1.0,0.0,24.0,37.0,1.0,63.0,63.0
2026-05-10T01:58:23,10/05/2026 01:50:01,49.98,GESCOM,8.0,26.0,1.0,404.0,8.0,440.0,447.0
2026-05-10T01:58:23,10/05/2026 01:50:01,49.98,HESCOM,0.0,99.0,0.0,131.0,44.0,231.0,274.0
2026-05-10T01:58:23,10/05/2026 01:50:01,49.98,PAVAGADA SOLAR PARK,0.0,0.0,0.0,0.0,0.0,0.0,0.0
2026-05-10T01:58:23,10/05/2026 01:50:01,49.98,TOTAL_IPPS,15.0,127.0,76.0,640.0,0.0,864.0,858.0
2026-05-10T01:58:41,10/05/2026 01:50:01,49.98,BESCOM,6.0,0.0,6.0,58.0,20.0,72.0,90.0
2026-05-10T01:58:41,10/05/2026 01:50:01,49.98,MESCOM,0.0,0.0,43.0,0.0,0.0,43.0,43.0
2026-05-10T01:58:41,10/05/2026 01:50:01,49.98,CESC,1.0,0.0,24.0,37.0,1.0,63.0,63.0
2026-05-10T01:58:41,10/05/2026 01:50:01,49.98,GESCOM,8.0,26.0,1.0,404.0,8.0,440.0,447.0
2026-05-10T01:58:41,10/05/2026 01:50:01,49.98,HESCOM,0.0,99.0,0.0,131.0,44.0,231.0,274.0
2026-05-10T01:58:41,10/05/2026 01:50:01,49.98,PAVAGADA SOLAR PARK,0.0,0.0,0.0,0.0,0.0,0.0,0.0
2026-05-10T01:58:41,10/05/2026 01:50:01,49.98,TOTAL_IPPS,15.0,127.0,76.0,640.0,0.0,864.0,858.0
2026-05-10T01:59:41,10/05/2026 01:50:01,49.98,BESCOM,6.0,0.0,6.0,58.0,20.0,72.0,90.0
2026-05-10T01:59:41,10/05/2026 01:50:01,49.98,MESCOM,0.0,0.0,43.0,0.0,0.0,43.0,43.0
2026-05-10T01:59:41,10/05/2026 01:50:01,49.98,CESC,1.0,0.0,24.0,37.0,1.0,63.0,63.0
2026-05-10T01:59:41,10/05/2026 01:50:01,49.98,GESCOM,8.0,26.0,1.0,404.0,8.0,440.0,447.0
2026-05-10T01:59:41,10/05/2026 01:50:01,49.98,HESCOM,0.0,99.0,0.0,131.0,44.0,231.0,274.0
2026-05-10T01:59:41,10/05/2026 01:50:01,49.98,PAVAGADA SOLAR PARK,0.0,0.0,0.0,0.0,0.0,0.0,0.0
2026-05-10T01:59:41,10/05/2026 01:50:01,49.98,TOTAL_IPPS,15.0,127.0,76.0,640.0,0.0,864.0,858.0
2026-05-10T02:00:42,10/05/2026 01:55:01,49.99,BESCOM,6.0,0.0,6.0,60.0,20.0,73.0,92.0
2026-05-10T02:00:42,10/05/2026 01:55:01,49.99,MESCOM,0.0,0.0,43.0,0.0,0.0,43.0,43.0
2026-05-10T02:00:42,10/05/2026 01:55:01,49.99,CESC,1.0,0.0,21.0,36.0,1.0,59.0,59.0
2026-05-10T02:00:42,10/05/2026 01:55:01,49.99,GESCOM,8.0,23.0,2.0,413.0,8.0,449.0,454.0
2026-05-10T02:00:42,10/05/2026 01:55:01,49.99,HESCOM,0.0,108.0,0.0,130.0,44.0,239.0,282.0
2026-05-10T02:00:42,10/05/2026 01:55:01,49.99,PAVAGADA SOLAR PARK,0.0,0.0,0.0,0.0,0.0,0.0,0.0
2026-05-10T02:00:42,10/05/2026 01:55:01,49.99,TOTAL_IPPS,15.0,135.0,74.0,638.0,0.0,868.0,862.0
2026-05-10T02:01:41,10/05/2026 01:55:01,49.99,BESCOM,6.0,0.0,6.0,60.0,20.0,73.0,92.0
2026-05-10T02:01:41,10/05/2026 01:55:01,49.99,MESCOM,0.0,0.0,43.0,0.0,0.0,43.0,43.0
2026-05-10T02:01:41,10/05/2026 01:55:01,49.99,CESC,1.0,0.0,21.0,36.0,1.0,59.0,59.0
2026-05-10T02:01:41,10/05/2026 01:55:01,49.99,GESCOM,8.0,23.0,2.0,413.0,8.0,449.0,454.0
2026-05-10T02:01:41,10/05/2026 01:55:01,49.99,HESCOM,0.0,108.0,0.0,130.0,44.0,239.0,282.0
2026-05-10T02:01:41,10/05/2026 01:55:01,49.99,PAVAGADA SOLAR PARK,0.0,0.0,0.0,0.0,0.0,0.0,0.0
2026-05-10T02:01:41,10/05/2026 01:55:01,49.99,TOTAL_IPPS,15.0,135.0,74.0,638.0,0.0,868.0,862.0
2026-05-10T02:02:41,10/05/2026 01:55:01,49.99,BESCOM,6.0,0.0,6.0,60.0,20.0,73.0,92.0
2026-05-10T02:02:41,10/05/2026 01:55:01,49.99,MESCOM,0.0,0.0,43.0,0.0,0.0,43.0,43.0
2026-05-10T02:02:41,10/05/2026 01:55:01,49.99,CESC,1.0,0.0,21.0,36.0,1.0,59.0,59.0
2026-05-10T02:02:41,10/05/2026 01:55:01,49.99,GESCOM,8.0,23.0,2.0,413.0,8.0,449.0,454.0
2026-05-10T02:02:41,10/05/2026 01:55:01,49.99,HESCOM,0.0,108.0,0.0,130.0,44.0,239.0,282.0
2026-05-10T02:02:41,10/05/2026 01:55:01,49.99,PAVAGADA SOLAR PARK,0.0,0.0,0.0,0.0,0.0,0.0,0.0
2026-05-10T02:02:41,10/05/2026 01:55:01,49.99,TOTAL_IPPS,15.0,135.0,74.0,638.0,0.0,868.0,862.0
2026-05-10T02:03:41,10/05/2026 01:55:01,49.99,BESCOM,6.0,0.0,6.0,60.0,20.0,73.0,92.0
2026-05-10T02:03:41,10/05/2026 01:55:01,49.99,MESCOM,0.0,0.0,43.0,0.0,0.0,43.0,43.0
2026-05-10T02:03:41,10/05/2026 01:55:01,49.99,CESC,1.0,0.0,21.0,36.0,1.0,59.0,59.0
2026-05-10T02:03:41,10/05/2026 01:55:01,49.99,GESCOM,8.0,23.0,2.0,413.0,8.0,449.0,454.0
2026-05-10T02:03:41,10/05/2026 01:55:01,49.99,HESCOM,0.0,108.0,0.0,130.0,44.0,239.0,282.0
2026-05-10T02:03:41,10/05/2026 01:55:01,49.99,PAVAGADA SOLAR PARK,0.0,0.0,0.0,0.0,0.0,0.0,0.0
2026-05-10T02:03:41,10/05/2026 01:55:01,49.99,TOTAL_IPPS,15.0,135.0,74.0,638.0,0.0,868.0,862.0
2026-05-10T02:04:41,10/05/2026 02:00:01,50.02,BESCOM,6.0,0.0,6.0,56.0,20.0,69.0,88.0
2026-05-10T02:04:41,10/05/2026 02:00:01,50.02,MESCOM,0.0,0.0,43.0,0.0,0.0,43.0,43.0
2026-05-10T02:04:41,10/05/2026 02:00:01,50.02,CESC,1.0,0.0,21.0,36.0,1.0,60.0,59.0
2026-05-10T02:04:41,10/05/2026 02:00:01,50.02,GESCOM,8.0,19.0,0.0,406.0,8.0,434.0,441.0
2026-05-10T02:04:41,10/05/2026 02:00:01,50.02,HESCOM,0.0,113.0,0.0,126.0,44.0,239.0,283.0
2026-05-10T02:04:41,10/05/2026 02:00:01,50.02,PAVAGADA SOLAR PARK,0.0,0.0,0.0,0.0,0.0,0.0,0.0
2026-05-10T02:04:41,10/05/2026 02:00:01,50.02,TOTAL_IPPS,15.0,133.0,72.0,635.0,0.0,861.0,855.0
2026-05-10T02:05:41,10/05/2026 02:00:01,50.02,BESCOM,6.0,0.0,6.0,56.0,20.0,69.0,88.0
2026-05-10T02:05:41,10/05/2026 02:00:01,50.02,MESCOM,0.0,0.0,43.0,0.0,0.0,43.0,43.0
2026-05-10T02:05:41,10/05/2026 02:00:01,50.02,CESC,1.0,0.0,21.0,36.0,1.0,60.0,59.0
2026-05-10T02:05:41,10/05/2026 02:00:01,50.02,GESCOM,8.0,19.0,0.0,406.0,8.0,434.0,441.0
2026-05-10T02:05:41,10/05/2026 02:00:01,50.02,HESCOM,0.0,113.0,0.0,126.0,44.0,239.0,283.0
2026-05-10T02:05:41,10/05/2026 02:00:01,50.02,PAVAGADA SOLAR PARK,0.0,0.0,0.0,0.0,0.0,0.0,0.0
2026-05-10T02:05:41,10/05/2026 02:00:01,50.02,TOTAL_IPPS,15.0,133.0,72.0,635.0,0.0,861.0,855.0
2026-05-10T02:06:41,10/05/2026 02:00:01,50.02,BESCOM,6.0,0.0,6.0,56.0,20.0,69.0,88.0
2026-05-10T02:06:41,10/05/2026 02:00:01,50.02,MESCOM,0.0,0.0,43.0,0.0,0.0,43.0,43.0
2026-05-10T02:06:41,10/05/2026 02:00:01,50.02,CESC,1.0,0.0,21.0,36.0,1.0,60.0,59.0
2026-05-10T02:06:41,10/05/2026 02:00:01,50.02,GESCOM,8.0,19.0,0.0,406.0,8.0,434.0,441.0
2026-05-10T02:06:41,10/05/2026 02:00:01,50.02,HESCOM,0.0,113.0,0.0,126.0,44.0,239.0,283.0
2026-05-10T02:06:41,10/05/2026 02:00:01,50.02,PAVAGADA SOLAR PARK,0.0,0.0,0.0,0.0,0.0,0.0,0.0
2026-05-10T02:06:41,10/05/2026 02:00:01,50.02,TOTAL_IPPS,15.0,133.0,72.0,635.0,0.0,861.0,855.0
2026-05-10T02:07:41,10/05/2026 02:00:01,50.02,BESCOM,6.0,0.0,6.0,56.0,20.0,69.0,88.0
2026-05-10T02:07:41,10/05/2026 02:00:01,50.02,MESCOM,0.0,0.0,43.0,0.0,0.0,43.0,43.0
2026-05-10T02:07:41,10/05/2026 02:00:01,50.02,CESC,1.0,0.0,21.0,36.0,1.0,60.0,59.0
2026-05-10T02:07:41,10/05/2026 02:00:01,50.02,GESCOM,8.0,19.0,0.0,406.0,8.0,434.0,441.0
2026-05-10T02:07:41,10/05/2026 02:00:01,50.02,HESCOM,0.0,113.0,0.0,126.0,44.0,239.0,283.0
2026-05-10T02:07:41,10/05/2026 02:00:01,50.02,PAVAGADA SOLAR PARK,0.0,0.0,0.0,0.0,0.0,0.0,0.0
2026-05-10T02:07:41,10/05/2026 02:00:01,50.02,TOTAL_IPPS,15.0,133.0,72.0,635.0,0.0,861.0,855.0
2026-05-10T02:08:23,10/05/2026 02:00:01,50.02,BESCOM,6.0,0.0,6.0,56.0,20.0,69.0,88.0
2026-05-10T02:08:23,10/05/2026 02:00:01,50.02,MESCOM,0.0,0.0,43.0,0.0,0.0,43.0,43.0
2026-05-10T02:08:23,10/05/2026 02:00:01,50.02,CESC,1.0,0.0,21.0,36.0,1.0,60.0,59.0
2026-05-10T02:08:23,10/05/2026 02:00:01,50.02,GESCOM,8.0,19.0,0.0,406.0,8.0,434.0,441.0
2026-05-10T02:08:23,10/05/2026 02:00:01,50.02,HESCOM,0.0,113.0,0.0,126.0,44.0,239.0,283.0
2026-05-10T02:08:23,10/05/2026 02:00:01,50.02,PAVAGADA SOLAR PARK,0.0,0.0,0.0,0.0,0.0,0.0,0.0
2026-05-10T02:08:23,10/05/2026 02:00:01,50.02,TOTAL_IPPS,15.0,133.0,72.0,635.0,0.0,861.0,855.0
2026-05-10T02:08:41,10/05/2026 02:00:01,50.02,BESCOM,6.0,0.0,6.0,56.0,20.0,69.0,88.0
2026-05-10T02:08:41,10/05/2026 02:00:01,50.02,MESCOM,0.0,0.0,43.0,0.0,0.0,43.0,43.0
2026-05-10T02:08:41,10/05/2026 02:00:01,50.02,CESC,1.0,0.0,21.0,36.0,1.0,60.0,59.0
2026-05-10T02:08:41,10/05/2026 02:00:01,50.02,GESCOM,8.0,19.0,0.0,406.0,8.0,434.0,441.0
2026-05-10T02:08:41,10/05/2026 02:00:01,50.02,HESCOM,0.0,113.0,0.0,126.0,44.0,239.0,283.0
2026-05-10T02:08:41,10/05/2026 02:00:01,50.02,PAVAGADA SOLAR PARK,0.0,0.0,0.0,0.0,0.0,0.0,0.0
2026-05-10T02:08:41,10/05/2026 02:00:01,50.02,TOTAL_IPPS,15.0,133.0,72.0,635.0,0.0,861.0,855.0
2026-05-10T02:09:30,10/05/2026 02:00:01,50.02,BESCOM,6.0,0.0,6.0,56.0,20.0,69.0,88.0
2026-05-10T02:09:30,10/05/2026 02:00:01,50.02,MESCOM,0.0,0.0,43.0,0.0,0.0,43.0,43.0
2026-05-10T02:09:30,10/05/2026 02:00:01,50.02,CESC,1.0,0.0,21.0,36.0,1.0,60.0,59.0
2026-05-10T02:09:30,10/05/2026 02:00:01,50.02,GESCOM,8.0,19.0,0.0,406.0,8.0,434.0,441.0
2026-05-10T02:09:30,10/05/2026 02:00:01,50.02,HESCOM,0.0,113.0,0.0,126.0,44.0,239.0,283.0
2026-05-10T02:09:30,10/05/2026 02:00:01,50.02,PAVAGADA SOLAR PARK,0.0,0.0,0.0,0.0,0.0,0.0,0.0
2026-05-10T02:09:30,10/05/2026 02:00:01,50.02,TOTAL_IPPS,15.0,133.0,72.0,635.0,0.0,861.0,855.0
2026-05-10T02:09:41,10/05/2026 02:00:01,50.02,BESCOM,6.0,0.0,6.0,56.0,20.0,69.0,88.0
2026-05-10T02:09:41,10/05/2026 02:00:01,50.02,MESCOM,0.0,0.0,43.0,0.0,0.0,43.0,43.0
2026-05-10T02:09:41,10/05/2026 02:00:01,50.02,CESC,1.0,0.0,21.0,36.0,1.0,60.0,59.0
2026-05-10T02:09:41,10/05/2026 02:00:01,50.02,GESCOM,8.0,19.0,0.0,406.0,8.0,434.0,441.0
2026-05-10T02:09:41,10/05/2026 02:00:01,50.02,HESCOM,0.0,113.0,0.0,126.0,44.0,239.0,283.0
2026-05-10T02:09:41,10/05/2026 02:00:01,50.02,PAVAGADA SOLAR PARK,0.0,0.0,0.0,0.0,0.0,0.0,0.0
2026-05-10T02:09:41,10/05/2026 02:00:01,50.02,TOTAL_IPPS,15.0,133.0,72.0,635.0,0.0,861.0,855.0
2026-05-10T02:10:58,10/05/2026 02:05:01,49.94,BESCOM,6.0,0.0,6.0,54.0,20.0,67.0,86.0
2026-05-10T02:10:58,10/05/2026 02:05:01,49.94,MESCOM,0.0,0.0,40.0,0.0,0.0,41.0,40.0
2026-05-10T02:10:58,10/05/2026 02:05:01,49.94,CESC,1.0,0.0,21.0,35.0,1.0,59.0,58.0
2026-05-10T02:10:58,10/05/2026 02:05:01,49.94,GESCOM,8.0,29.0,0.0,400.0,8.0,438.0,445.0
2026-05-10T02:10:58,10/05/2026 02:05:01,49.94,HESCOM,0.0,114.0,0.0,121.0,44.0,236.0,279.0
2026-05-10T02:10:58,10/05/2026 02:05:01,49.94,PAVAGADA SOLAR PARK,0.0,0.0,0.0,0.0,0.0,0.0,0.0
2026-05-10T02:10:58,10/05/2026 02:05:01,49.94,TOTAL_IPPS,15.0,145.0,69.0,617.0,0.0,852.0,846.0
2026-05-10T02:11:58,10/05/2026 02:05:01,49.94,BESCOM,6.0,0.0,6.0,54.0,20.0,67.0,86.0
2026-05-10T02:11:58,10/05/2026 02:05:01,49.94,MESCOM,0.0,0.0,40.0,0.0,0.0,41.0,40.0
2026-05-10T02:11:58,10/05/2026 02:05:01,49.94,CESC,1.0,0.0,21.0,35.0,1.0,59.0,58.0
2026-05-10T02:11:58,10/05/2026 02:05:01,49.94,GESCOM,8.0,29.0,0.0,400.0,8.0,438.0,445.0
2026-05-10T02:11:58,10/05/2026 02:05:01,49.94,HESCOM,0.0,114.0,0.0,121.0,44.0,236.0,279.0
2026-05-10T02:11:58,10/05/2026 02:05:01,49.94,PAVAGADA SOLAR PARK,0.0,0.0,0.0,0.0,0.0,0.0,0.0
2026-05-10T02:11:58,10/05/2026 02:05:01,49.94,TOTAL_IPPS,15.0,145.0,69.0,617.0,0.0,852.0,846.0
2026-05-10T02:12:58,10/05/2026 02:05:01,49.94,BESCOM,6.0,0.0,6.0,54.0,20.0,67.0,86.0
2026-05-10T02:12:58,10/05/2026 02:05:01,49.94,MESCOM,0.0,0.0,40.0,0.0,0.0,41.0,40.0
2026-05-10T02:12:58,10/05/2026 02:05:01,49.94,CESC,1.0,0.0,21.0,35.0,1.0,59.0,58.0
2026-05-10T02:12:58,10/05/2026 02:05:01,49.94,GESCOM,8.0,29.0,0.0,400.0,8.0,438.0,445.0
2026-05-10T02:12:58,10/05/2026 02:05:01,49.94,HESCOM,0.0,114.0,0.0,121.0,44.0,236.0,279.0
2026-05-10T02:12:58,10/05/2026 02:05:01,49.94,PAVAGADA SOLAR PARK,0.0,0.0,0.0,0.0,0.0,0.0,0.0
2026-05-10T02:12:58,10/05/2026 02:05:01,49.94,TOTAL_IPPS,15.0,145.0,69.0,617.0,0.0,852.0,846.0
2026-05-10T02:14:22,10/05/2026 02:10:01,49.91,BESCOM,6.0,0.0,6.0,50.0,20.0,64.0,82.0
2026-05-10T02:14:22,10/05/2026 02:10:01,49.91,MESCOM,0.0,0.0,40.0,0.0,0.0,40.0,40.0
2026-05-10T02:14:22,10/05/2026 02:10:01,49.91,CESC,0.0,0.0,21.0,35.0,1.0,59.0,57.0
2026-05-10T02:14:22,10/05/2026 02:10:01,49.91,GESCOM,8.0,21.0,0.0,401.0,8.0,431.0,438.0
2026-05-10T02:14:22,10/05/2026 02:10:01,49.91,HESCOM,0.0,120.0,0.0,106.0,44.0,228.0,270.0
2026-05-10T02:14:22,10/05/2026 02:10:01,49.91,PAVAGADA SOLAR PARK,0.0,0.0,0.0,0.0,0.0,0.0,0.0
2026-05-10T02:14:22,10/05/2026 02:10:01,49.91,TOTAL_IPPS,16.0,143.0,69.0,589.0,0.0,823.0,817.0
2026-05-10T02:15:23,10/05/2026 02:10:01,49.91,BESCOM,6.0,0.0,6.0,50.0,20.0,64.0,82.0
2026-05-10T02:15:23,10/05/2026 02:10:01,49.91,MESCOM,0.0,0.0,40.0,0.0,0.0,40.0,40.0
2026-05-10T02:15:23,10/05/2026 02:10:01,49.91,CESC,0.0,0.0,21.0,35.0,1.0,59.0,57.0
2026-05-10T02:15:23,10/05/2026 02:10:01,49.91,GESCOM,8.0,21.0,0.0,401.0,8.0,431.0,438.0
2026-05-10T02:15:23,10/05/2026 02:10:01,49.91,HESCOM,0.0,120.0,0.0,106.0,44.0,228.0,270.0
2026-05-10T02:15:23,10/05/2026 02:10:01,49.91,PAVAGADA SOLAR PARK,0.0,0.0,0.0,0.0,0.0,0.0,0.0
2026-05-10T02:15:23,10/05/2026 02:10:01,49.91,TOTAL_IPPS,16.0,143.0,69.0,589.0,0.0,823.0,817.0
2026-05-10T02:16:23,10/05/2026 02:10:01,49.91,BESCOM,6.0,0.0,6.0,50.0,20.0,64.0,82.0
2026-05-10T02:16:23,10/05/2026 02:10:01,49.91,MESCOM,0.0,0.0,40.0,0.0,0.0,40.0,40.0
2026-05-10T02:16:23,10/05/2026 02:10:01,49.91,CESC,0.0,0.0,21.0,35.0,1.0,59.0,57.0
2026-05-10T02:16:23,10/05/2026 02:10:01,49.91,GESCOM,8.0,21.0,0.0,401.0,8.0,431.0,438.0
2026-05-10T02:16:23,10/05/2026 02:10:01,49.91,HESCOM,0.0,120.0,0.0,106.0,44.0,228.0,270.0
2026-05-10T02:16:23,10/05/2026 02:10:01,49.91,PAVAGADA SOLAR PARK,0.0,0.0,0.0,0.0,0.0,0.0,0.0
2026-05-10T02:16:23,10/05/2026 02:10:01,49.91,TOTAL_IPPS,16.0,143.0,69.0,589.0,0.0,823.0,817.0
2026-05-10T02:16:59,10/05/2026 02:10:01,49.91,BESCOM,6.0,0.0,6.0,50.0,20.0,64.0,82.0
2026-05-10T02:16:59,10/05/2026 02:10:01,49.91,MESCOM,0.0,0.0,40.0,0.0,0.0,40.0,40.0
2026-05-10T02:16:59,10/05/2026 02:10:01,49.91,CESC,0.0,0.0,21.0,35.0,1.0,59.0,57.0
2026-05-10T02:16:59,10/05/2026 02:10:01,49.91,GESCOM,8.0,21.0,0.0,401.0,8.0,431.0,438.0
2026-05-10T02:16:59,10/05/2026 02:10:01,49.91,HESCOM,0.0,120.0,0.0,106.0,44.0,228.0,270.0
2026-05-10T02:16:59,10/05/2026 02:10:01,49.91,PAVAGADA SOLAR PARK,0.0,0.0,0.0,0.0,0.0,0.0,0.0
2026-05-10T02:16:59,10/05/2026 02:10:01,49.91,TOTAL_IPPS,16.0,143.0,69.0,589.0,0.0,823.0,817.0
2026-05-10T02:17:23,10/05/2026 02:10:01,49.91,BESCOM,6.0,0.0,6.0,50.0,20.0,64.0,82.0
2026-05-10T02:17:23,10/05/2026 02:10:01,49.91,MESCOM,0.0,0.0,40.0,0.0,0.0,40.0,40.0
2026-05-10T02:17:23,10/05/2026 02:10:01,49.91,CESC,0.0,0.0,21.0,35.0,1.0,59.0,57.0
2026-05-10T02:17:23,10/05/2026 02:10:01,49.91,GESCOM,8.0,21.0,0.0,401.0,8.0,431.0,438.0
2026-05-10T02:17:23,10/05/2026 02:10:01,49.91,HESCOM,0.0,120.0,0.0,106.0,44.0,228.0,270.0
2026-05-10T02:17:23,10/05/2026 02:10:01,49.91,PAVAGADA SOLAR PARK,0.0,0.0,0.0,0.0,0.0,0.0,0.0
2026-05-10T02:17:23,10/05/2026 02:10:01,49.91,TOTAL_IPPS,16.0,143.0,69.0,589.0,0.0,823.0,817.0
